,Index,Date,Year,Epi-week,Epi-day,Counts,Time-index
0,0,2015-01-01,2015,53,5,0,-2
1,1,2015-01-02,2015,53,6,0,-1
2,2,2015-01-03,2015,53,7,0,0
3,3,2015-01-04,2015,1,1,0,1
4,4,2015-01-05,2015,1,2,0,2
5,5,2015-01-06,2015,1,3,0,3
6,6,2015-01-07,2015,1,4,7,4
7,7,2015-01-08,2015,1,5,9,5
8,8,2015-01-09,2015,1,6,9,6
9,9,2015-01-10,2015,1,7,0,7
10,10,2015-01-11,2015,2,1,0,8
11,11,2015-01-12,2015,2,2,14,9
12,12,2015-01-13,2015,2,3,15,10
13,13,2015-01-14,2015,2,4,2,11
14,14,2015-01-15,2015,2,5,13,12
15,15,2015-01-16,2015,2,6,11,13
16,16,2015-01-17,2015,2,7,0,14
17,17,2015-01-18,2015,3,1,0,15
18,18,2015-01-19,2015,3,2,4,16
19,19,2015-01-20,2015,3,3,19,17
20,20,2015-01-21,2015,3,4,12,18
21,21,2015-01-22,2015,3,5,11,19
22,22,2015-01-23,2015,3,6,7,20
23,23,2015-01-24,2015,3,7,0,21
24,24,2015-01-25,2015,4,1,0,22
25,25,2015-01-26,2015,4,2,20,23
26,26,2015-01-27,2015,4,3,20,24
27,27,2015-01-28,2015,4,4,6,25
28,28,2015-01-29,2015,4,5,15,26
29,29,2015-01-30,2015,4,6,12,27
30,30,2015-01-31,2015,4,7,0,28
31,31,2015-02-01,2015,5,1,0,29
32,32,2015-02-02,2015,5,2,0,30
33,33,2015-02-03,2015,5,3,20,31
34,34,2015-02-04,2015,5,4,11,32
35,35,2015-02-05,2015,5,5,14,33
36,36,2015-02-06,2015,5,6,14,34
37,37,2015-02-07,2015,5,7,0,35
38,38,2015-02-08,2015,6,1,0,36
39,39,2015-02-09,2015,6,2,10,37
40,40,2015-02-10,2015,6,3,15,38
41,41,2015-02-11,2015,6,4,9,39
42,42,2015-02-12,2015,6,5,9,40
43,43,2015-02-13,2015,6,6,12,41
44,44,2015-02-14,2015,6,7,0,42
45,45,2015-02-15,2015,7,1,0,43
46,46,2015-02-16,2015,7,2,15,44
47,47,2015-02-17,2015,7,3,6,45
48,48,2015-02-18,2015,7,4,6,46
49,49,2015-02-19,2015,7,5,12,47
50,50,2015-02-20,2015,7,6,7,48
51,51,2015-02-21,2015,7,7,0,49
52,52,2015-02-22,2015,8,1,0,50
53,53,2015-02-23,2015,8,2,8,51
54,54,2015-02-24,2015,8,3,10,52
55,55,2015-02-25,2015,8,4,8,53
56,56,2015-02-26,2015,8,5,14,54
57,57,2015-02-27,2015,8,6,14,55
58,58,2015-02-28,2015,8,7,0,56
59,59,2015-03-01,2015,9,1,0,57
60,60,2015-03-02,2015,9,2,6,58
61,61,2015-03-03,2015,9,3,5,59
62,62,2015-03-04,2015,9,4,9,60
63,63,2015-03-05,2015,9,5,11,61
64,64,2015-03-06,2015,9,6,12,62
65,65,2015-03-07,2015,9,7,0,63
66,66,2015-03-08,2015,10,1,0,64
67,67,2015-03-09,2015,10,2,4,65
68,68,2015-03-10,2015,10,3,7,66
69,69,2015-03-11,2015,10,4,9,67
70,70,2015-03-12,2015,10,5,4,68
71,71,2015-03-13,2015,10,6,1,69
72,72,2015-03-14,2015,10,7,0,70
73,73,2015-03-15,2015,11,1,0,71
74,74,2015-03-16,2015,11,2,0,72
75,75,2015-03-17,2015,11,3,5,73
76,76,2015-03-18,2015,11,4,5,74
77,77,2015-03-19,2015,11,5,3,75
78,78,2015-03-20,2015,11,6,3,76
79,79,2015-03-21,2015,11,7,0,77
80,80,2015-03-22,2015,12,1,0,78
81,81,2015-03-23,2015,12,2,4,79
82,82,2015-03-24,2015,12,3,8,80
83,83,2015-03-25,2015,12,4,6,81
84,84,2015-03-26,2015,12,5,4,82
85,85,2015-03-27,2015,12,6,8,83
86,86,2015-03-28,2015,12,7,0,84
87,87,2015-03-29,2015,13,1,0,85
88,88,2015-03-30,2015,13,2,1,86
89,89,2015-03-31,2015,13,3,1,87
90,90,2015-04-01,2015,13,4,2,88
91,91,2015-04-02,2015,13,5,0,89
92,92,2015-04-03,2015,13,6,0,90
93,93,2015-04-04,2015,13,7,0,91
94,94,2015-04-05,2015,14,1,0,92
95,95,2015-04-06,2015,14,2,2,93
96,96,2015-04-07,2015,14,3,4,94
97,97,2015-04-08,2015,14,4,2,95
98,98,2015-04-09,2015,14,5,4,96
99,99,2015-04-10,2015,14,6,6,97
100,100,2015-04-11,2015,14,7,0,98
101,101,2015-04-12,2015,15,1,0,99
102,102,2015-04-13,2015,15,2,8,100
103,103,2015-04-14,2015,15,3,5,101
104,104,2015-04-15,2015,15,4,3,102
105,105,2015-04-16,2015,15,5,1,103
106,106,2015-04-17,2015,15,6,6,104
107,107,2015-04-18,2015,15,7,0,105
108,108,2015-04-19,2015,16,1,0,106
109,109,2015-04-20,2015,16,2,4,107
110,110,2015-04-21,2015,16,3,5,108
111,111,2015-04-22,2015,16,4,5,109
112,112,2015-04-23,2015,16,5,7,110
113,113,2015-04-24,2015,16,6,3,111
114,114,2015-04-25,2015,16,7,0,112
115,115,2015-04-26,2015,17,1,0,113
116,116,2015-04-27,2015,17,2,7,114
117,117,2015-04-28,2015,17,3,1,115
118,118,2015-04-29,2015,17,4,3,116
119,119,2015-04-30,2015,17,5,3,117
120,120,2015-05-01,2015,17,6,0,118
121,121,2015-05-02,2015,17,7,0,119
122,122,2015-05-03,2015,18,1,0,120
123,123,2015-05-04,2015,18,2,2,121
124,124,2015-05-05,2015,18,3,0,122
125,125,2015-05-06,2015,18,4,3,123
126,126,2015-05-07,2015,18,5,6,124
127,127,2015-05-08,2015,18,6,4,125
128,128,2015-05-09,2015,18,7,0,126
129,129,2015-05-10,2015,19,1,0,127
130,130,2015-05-11,2015,19,2,1,128
131,131,2015-05-12,2015,19,3,2,129
132,132,2015-05-13,2015,19,4,6,130
133,133,2015-05-14,2015,19,5,4,131
134,134,2015-05-15,2015,19,6,4,132
135,135,2015-05-16,2015,19,7,0,133
136,136,2015-05-17,2015,20,1,0,134
137,137,2015-05-18,2015,20,2,2,135
138,138,2015-05-19,2015,20,3,3,136
139,139,2015-05-20,2015,20,4,2,137
140,140,2015-05-21,2015,20,5,4,138
141,141,2015-05-22,2015,20,6,10,139
142,142,2015-05-23,2015,20,7,0,140
143,143,2015-05-24,2015,21,1,0,141
144,144,2015-05-25,2015,21,2,2,142
145,145,2015-05-26,2015,21,3,4,143
146,146,2015-05-27,2015,21,4,3,144
147,147,2015-05-28,2015,21,5,5,145
148,148,2015-05-29,2015,21,6,7,146
149,149,2015-05-30,2015,21,7,0,147
150,150,2015-05-31,2015,22,1,0,148
151,151,2015-06-01,2015,22,2,6,149
152,152,2015-06-02,2015,22,3,8,150
153,153,2015-06-03,2015,22,4,4,151
154,154,2015-06-04,2015,22,5,2,152
155,155,2015-06-05,2015,22,6,11,153
156,156,2015-06-06,2015,22,7,0,154
157,157,2015-06-07,2015,23,1,0,155
158,158,2015-06-08,2015,23,2,3,156
159,159,2015-06-09,2015,23,3,3,157
160,160,2015-06-10,2015,23,4,4,158
161,161,2015-06-11,2015,23,5,1,159
162,162,2015-06-12,2015,23,6,1,160
163,163,2015-06-13,2015,23,7,0,161
164,164,2015-06-14,2015,24,1,0,162
165,165,2015-06-15,2015,24,2,0,163
166,166,2015-06-16,2015,24,3,4,164
167,167,2015-06-17,2015,24,4,1,165
168,168,2015-06-18,2015,24,5,3,166
169,169,2015-06-19,2015,24,6,0,167
170,170,2015-06-20,2015,24,7,0,168
171,171,2015-06-21,2015,25,1,0,169
172,172,2015-06-22,2015,25,2,1,170
173,173,2015-06-23,2015,25,3,1,171
174,174,2015-06-24,2015,25,4,2,172
175,175,2015-06-25,2015,25,5,6,173
176,176,2015-06-26,2015,25,6,0,174
177,177,2015-06-27,2015,25,7,0,175
178,178,2015-06-28,2015,26,1,0,176
179,179,2015-06-29,2015,26,2,1,177
180,180,2015-06-30,2015,26,3,1,178
181,181,2015-07-01,2015,26,4,2,179
182,182,2015-07-02,2015,26,5,3,180
183,183,2015-07-03,2015,26,6,2,181
184,184,2015-07-04,2015,26,7,0,182
185,185,2015-07-05,2015,27,1,0,183
186,186,2015-07-06,2015,27,2,1,184
187,187,2015-07-07,2015,27,3,1,185
188,188,2015-07-08,2015,27,4,0,186
189,189,2015-07-09,2015,27,5,5,187
190,190,2015-07-10,2015,27,6,3,188
191,191,2015-07-11,2015,27,7,0,189
192,192,2015-07-12,2015,28,1,0,190
193,193,2015-07-13,2015,28,2,2,191
194,194,2015-07-14,2015,28,3,3,192
195,195,2015-07-15,2015,28,4,1,193
196,196,2015-07-16,2015,28,5,4,194
197,197,2015-07-17,2015,28,6,2,195
198,198,2015-07-18,2015,28,7,0,196
199,199,2015-07-19,2015,29,1,0,197
200,200,2015-07-20,2015,29,2,1,198
201,201,2015-07-21,2015,29,3,1,199
202,202,2015-07-22,2015,29,4,4,200
203,203,2015-07-23,2015,29,5,2,201
204,204,2015-07-24,2015,29,6,1,202
205,205,2015-07-25,2015,29,7,0,203
206,206,2015-07-26,2015,30,1,0,204
207,207,2015-07-27,2015,30,2,1,205
208,208,2015-07-28,2015,30,3,3,206
209,209,2015-07-29,2015,30,4,5,207
210,210,2015-07-30,2015,30,5,2,208
211,211,2015-07-31,2015,30,6,2,209
212,212,2015-08-01,2015,30,7,0,210
213,213,2015-08-02,2015,31,1,0,211
214,214,2015-08-03,2015,31,2,2,212
215,215,2015-08-04,2015,31,3,8,213
216,216,2015-08-05,2015,31,4,3,214
217,217,2015-08-06,2015,31,5,3,215
218,218,2015-08-07,2015,31,6,4,216
219,219,2015-08-08,2015,31,7,0,217
220,220,2015-08-09,2015,32,1,0,218
221,221,2015-08-10,2015,32,2,1,219
222,222,2015-08-11,2015,32,3,3,220
223,223,2015-08-12,2015,32,4,1,221
224,224,2015-08-13,2015,32,5,2,222
225,225,2015-08-14,2015,32,6,0,223
226,226,2015-08-15,2015,32,7,0,224
227,227,2015-08-16,2015,33,1,0,225
228,228,2015-08-17,2015,33,2,2,226
229,229,2015-08-18,2015,33,3,4,227
230,230,2015-08-19,2015,33,4,0,228
231,231,2015-08-20,2015,33,5,2,229
232,232,2015-08-21,2015,33,6,2,230
233,233,2015-08-22,2015,33,7,0,231
234,234,2015-08-23,2015,34,1,0,232
235,235,2015-08-24,2015,34,2,3,233
236,236,2015-08-25,2015,34,3,1,234
237,237,2015-08-26,2015,34,4,0,235
238,238,2015-08-27,2015,34,5,2,236
239,239,2015-08-28,2015,34,6,0,237
240,240,2015-08-29,2015,34,7,0,238
241,241,2015-08-30,2015,35,1,0,239
242,242,2015-08-31,2015,35,2,3,240
243,243,2015-09-01,2015,35,3,2,241
244,244,2015-09-02,2015,35,4,3,242
245,245,2015-09-03,2015,35,5,2,243
246,246,2015-09-04,2015,35,6,0,244
247,247,2015-09-05,2015,35,7,0,245
248,248,2015-09-06,2015,36,1,0,246
249,249,2015-09-07,2015,36,2,3,247
250,250,2015-09-08,2015,36,3,7,248
251,251,2015-09-09,2015,36,4,2,249
252,252,2015-09-10,2015,36,5,0,250
253,253,2015-09-11,2015,36,6,0,251
254,254,2015-09-12,2015,36,7,0,252
255,255,2015-09-13,2015,37,1,0,253
256,256,2015-09-14,2015,37,2,4,254
257,257,2015-09-15,2015,37,3,2,255
258,258,2015-09-16,2015,37,4,0,256
259,259,2015-09-17,2015,37,5,5,257
260,260,2015-09-18,2015,37,6,7,258
261,261,2015-09-19,2015,37,7,0,259
262,262,2015-09-20,2015,38,1,0,260
263,263,2015-09-21,2015,38,2,1,261
264,264,2015-09-22,2015,38,3,7,262
265,265,2015-09-23,2015,38,4,4,263
266,266,2015-09-24,2015,38,5,5,264
267,267,2015-09-25,2015,38,6,7,265
268,268,2015-09-26,2015,38,7,0,266
269,269,2015-09-27,2015,39,1,0,267
270,270,2015-09-28,2015,39,2,5,268
271,271,2015-09-29,2015,39,3,3,269
272,272,2015-09-30,2015,39,4,8,270
273,273,2015-10-01,2015,39,5,7,271
274,274,2015-10-02,2015,39,6,7,272
275,275,2015-10-03,2015,39,7,0,273
276,276,2015-10-04,2015,40,1,0,274
277,277,2015-10-05,2015,40,2,2,275
278,278,2015-10-06,2015,40,3,2,276
279,279,2015-10-07,2015,40,4,8,277
280,280,2015-10-08,2015,40,5,5,278
281,281,2015-10-09,2015,40,6,4,279
282,282,2015-10-10,2015,40,7,0,280
283,283,2015-10-11,2015,41,1,0,281
284,284,2015-10-12,2015,41,2,11,282
285,285,2015-10-13,2015,41,3,5,283
286,286,2015-10-14,2015,41,4,7,284
287,287,2015-10-15,2015,41,5,0,285
288,288,2015-10-16,2015,41,6,2,286
289,289,2015-10-17,2015,41,7,0,287
290,290,2015-10-18,2015,42,1,0,288
291,291,2015-10-19,2015,42,2,3,289
292,292,2015-10-20,2015,42,3,7,290
293,293,2015-10-21,2015,42,4,1,291
294,294,2015-10-22,2015,42,5,6,292
295,295,2015-10-23,2015,42,6,4,293
296,296,2015-10-24,2015,42,7,0,294
297,297,2015-10-25,2015,43,1,0,295
298,298,2015-10-26,2015,43,2,5,296
299,299,2015-10-27,2015,43,3,5,297
300,300,2015-10-28,2015,43,4,5,298
301,301,2015-10-29,2015,43,5,3,299
302,302,2015-10-30,2015,43,6,5,300
303,303,2015-10-31,2015,43,7,0,301
304,304,2015-11-01,2015,44,1,0,302
305,305,2015-11-02,2015,44,2,0,303
306,306,2015-11-03,2015,44,3,11,304
307,307,2015-11-04,2015,44,4,7,305
308,308,2015-11-05,2015,44,5,3,306
309,309,2015-11-06,2015,44,6,3,307
310,310,2015-11-07,2015,44,7,0,308
311,311,2015-11-08,2015,45,1,0,309
312,312,2015-11-09,2015,45,2,2,310
313,313,2015-11-10,2015,45,3,3,311
314,314,2015-11-11,2015,45,4,3,312
315,315,2015-11-12,2015,45,5,2,313
316,316,2015-11-13,2015,45,6,2,314
317,317,2015-11-14,2015,45,7,0,315
318,318,2015-11-15,2015,46,1,0,316
319,319,2015-11-16,2015,46,2,0,317
320,320,2015-11-17,2015,46,3,11,318
321,321,2015-11-18,2015,46,4,12,319
322,322,2015-11-19,2015,46,5,7,320
323,323,2015-11-20,2015,46,6,14,321
324,324,2015-11-21,2015,46,7,0,322
325,325,2015-11-22,2015,47,1,0,323
326,326,2015-11-23,2015,47,2,7,324
327,327,2015-11-24,2015,47,3,14,325
328,328,2015-11-25,2015,47,4,12,326
329,329,2015-11-26,2015,47,5,5,327
330,330,2015-11-27,2015,47,6,4,328
331,331,2015-11-28,2015,47,7,0,329
332,332,2015-11-29,2015,48,1,0,330
333,333,2015-11-30,2015,48,2,13,331
334,334,2015-12-01,2015,48,3,3,332
335,335,2015-12-02,2015,48,4,8,333
336,336,2015-12-03,2015,48,5,13,334
337,337,2015-12-04,2015,48,6,5,335
338,338,2015-12-05,2015,48,7,0,336
339,339,2015-12-06,2015,49,1,0,337
340,340,2015-12-07,2015,49,2,9,338
341,341,2015-12-08,2015,49,3,5,339
342,342,2015-12-09,2015,49,4,9,340
343,343,2015-12-10,2015,49,5,7,341
344,344,2015-12-11,2015,49,6,2,342
345,345,2015-12-12,2015,49,7,0,343
346,346,2015-12-13,2015,50,1,0,344
347,347,2015-12-14,2015,50,2,0,345
348,348,2015-12-15,2015,50,3,3,346
349,349,2015-12-16,2015,50,4,6,347
350,350,2015-12-17,2015,50,5,0,348
351,351,2015-12-18,2015,50,6,3,349
352,352,2015-12-19,2015,50,7,0,350
353,353,2015-12-20,2015,51,1,0,351
354,354,2015-12-21,2015,51,2,5,352
355,355,2015-12-22,2015,51,3,0,353
356,356,2015-12-23,2015,51,4,0,354
357,357,2015-12-24,2015,51,5,0,355
358,358,2015-12-25,2015,51,6,0,356
359,359,2015-12-26,2015,51,7,0,357
360,360,2015-12-27,2015,52,1,0,358
361,361,2015-12-28,2015,52,2,0,359
362,362,2015-12-29,2015,52,3,0,360
363,363,2015-12-30,2015,52,4,0,361
364,364,2015-12-31,2015,52,5,0,362
365,365,2017-01-01,2017,1,1,0,363
366,366,2017-01-02,2017,1,2,2,364
367,367,2017-01-03,2017,1,3,6,365
368,368,2017-01-04,2017,1,4,3,366
369,369,2017-01-05,2017,1,5,2,367
370,370,2017-01-06,2017,1,6,2,368
371,371,2017-01-07,2017,1,7,0,369
372,372,2017-01-08,2017,2,1,0,370
373,373,2017-01-09,2017,2,2,4,371
374,374,2017-01-10,2017,2,3,6,372
375,375,2017-01-11,2017,2,4,3,373
376,376,2017-01-12,2017,2,5,0,374
377,377,2017-01-13,2017,2,6,5,375
378,378,2017-01-14,2017,2,7,0,376
379,379,2017-01-15,2017,3,1,0,377
380,380,2017-01-16,2017,3,2,5,378
381,381,2017-01-17,2017,3,3,11,379
382,382,2017-01-18,2017,3,4,4,380
383,383,2017-01-19,2017,3,5,8,381
384,384,2017-01-20,2017,3,6,2,382
385,385,2017-01-21,2017,3,7,0,383
386,386,2017-01-22,2017,4,1,0,384
387,387,2017-01-23,2017,4,2,4,385
388,388,2017-01-24,2017,4,3,6,386
389,389,2017-01-25,2017,4,4,4,387
390,390,2017-01-26,2017,4,5,1,388
391,391,2017-01-27,2017,4,6,10,389
392,392,2017-01-28,2017,4,7,0,390
393,393,2017-01-29,2017,5,1,0,391
394,394,2017-01-30,2017,5,2,6,392
395,395,2017-01-31,2017,5,3,5,393
396,396,2017-02-01,2017,5,4,7,394
397,397,2017-02-02,2017,5,5,3,395
398,398,2017-02-03,2017,5,6,4,396
399,399,2017-02-04,2017,5,7,0,397
400,400,2017-02-05,2017,6,1,0,398
401,401,2017-02-06,2017,6,2,0,399
402,402,2017-02-07,2017,6,3,2,400
403,403,2017-02-08,2017,6,4,7,401
404,404,2017-02-09,2017,6,5,4,402
405,405,2017-02-10,2017,6,6,1,403
406,406,2017-02-11,2017,6,7,0,404
407,407,2017-02-12,2017,7,1,0,405
408,408,2017-02-13,2017,7,2,3,406
409,409,2017-02-14,2017,7,3,3,407
410,410,2017-02-15,2017,7,4,6,408
411,411,2017-02-16,2017,7,5,3,409
412,412,2017-02-17,2017,7,6,3,410
413,413,2017-02-18,2017,7,7,0,411
414,414,2017-02-19,2017,8,1,0,412
415,415,2017-02-20,2017,8,2,1,413
416,416,2017-02-21,2017,8,3,7,414
417,417,2017-02-22,2017,8,4,3,415
418,418,2017-02-23,2017,8,5,4,416
419,419,2017-02-24,2017,8,6,2,417
420,420,2017-02-25,2017,8,7,0,418
421,421,2017-02-26,2017,9,1,0,419
422,422,2017-02-27,2017,9,2,4,420
423,423,2017-02-28,2017,9,3,10,421
424,424,2017-03-01,2017,9,4,2,422
425,425,2017-03-02,2017,9,5,3,423
426,426,2017-03-03,2017,9,6,2,424
427,427,2017-03-04,2017,9,7,0,425
428,428,2017-03-05,2017,10,1,0,426
429,429,2017-03-06,2017,10,2,2,427
430,430,2017-03-07,2017,10,3,2,428
431,431,2017-03-08,2017,10,4,4,429
432,432,2017-03-09,2017,10,5,8,430
433,433,2017-03-10,2017,10,6,2,431
434,434,2017-03-11,2017,10,7,0,432
435,435,2017-03-12,2017,11,1,0,433
436,436,2017-03-13,2017,11,2,7,434
437,437,2017-03-14,2017,11,3,4,435
438,438,2017-03-15,2017,11,4,2,436
439,439,2017-03-16,2017,11,5,2,437
440,440,2017-03-17,2017,11,6,7,438
441,441,2017-03-18,2017,11,7,0,439
442,442,2017-03-19,2017,12,1,0,440
443,443,2017-03-20,2017,12,2,0,441
444,444,2017-03-21,2017,12,3,2,442
445,445,2017-03-22,2017,12,4,4,443
446,446,2017-03-23,2017,12,5,1,444
447,447,2017-03-24,2017,12,6,4,445
448,448,2017-03-25,2017,12,7,0,446
449,449,2017-03-26,2017,13,1,0,447
450,450,2017-03-27,2017,13,2,2,448
451,451,2017-03-28,2017,13,3,2,449
452,452,2017-03-29,2017,13,4,6,450
453,453,2017-03-30,2017,13,5,3,451
454,454,2017-03-31,2017,13,6,2,452
455,455,2017-04-01,2017,13,7,0,453
456,456,2017-04-02,2017,14,1,0,454
457,457,2017-04-03,2017,14,2,2,455
458,458,2017-04-04,2017,14,3,2,456
459,459,2017-04-05,2017,14,4,1,457
460,460,2017-04-06,2017,14,5,5,458
461,461,2017-04-07,2017,14,6,6,459
462,462,2017-04-08,2017,14,7,1,460
463,463,2017-04-09,2017,15,1,0,461
464,464,2017-04-10,2017,15,2,0,462
465,465,2017-04-11,2017,15,3,3,463
466,466,2017-04-12,2017,15,4,6,464
467,467,2017-04-13,2017,15,5,0,465
468,468,2017-04-14,2017,15,6,0,466
469,469,2017-04-15,2017,15,7,0,467
470,470,2017-04-16,2017,16,1,1,468
471,471,2017-04-17,2017,16,2,0,469
472,472,2017-04-18,2017,16,3,1,470
473,473,2017-04-19,2017,16,4,0,471
474,474,2017-04-20,2017,16,5,0,472
475,475,2017-04-21,2017,16,6,0,473
476,476,2017-04-22,2017,16,7,0,474
477,477,2017-04-23,2017,17,1,0,475
478,478,2017-04-24,2017,17,2,0,476
479,479,2017-04-25,2017,17,3,0,477
480,480,2017-04-26,2017,17,4,0,478
481,481,2017-04-27,2017,17,5,2,479
482,482,2017-04-28,2017,17,6,2,480
483,483,2017-04-29,2017,17,7,1,481
484,484,2017-04-30,2017,18,1,1,482
485,485,2017-05-01,2017,18,2,0,483
486,486,2017-05-02,2017,18,3,2,484
487,487,2017-05-03,2017,18,4,1,485
488,488,2017-05-04,2017,18,5,0,486
489,489,2017-05-05,2017,18,6,0,487
490,490,2017-05-06,2017,18,7,0,488
491,491,2017-05-07,2017,19,1,0,489
492,492,2017-05-08,2017,19,2,1,490
493,493,2017-05-09,2017,19,3,1,491
494,494,2017-05-10,2017,19,4,0,492
495,495,2017-05-11,2017,19,5,0,493
496,496,2017-05-12,2017,19,6,0,494
497,497,2017-05-13,2017,19,7,0,495
498,498,2017-05-14,2017,20,1,1,496
499,499,2017-05-15,2017,20,2,0,497
500,500,2017-05-16,2017,20,3,3,498
501,501,2017-05-17,2017,20,4,3,499
502,502,2017-05-18,2017,20,5,0,500
503,503,2017-05-19,2017,20,6,1,501
504,504,2017-05-20,2017,20,7,1,502
505,505,2017-05-21,2017,21,1,1,503
506,506,2017-05-22,2017,21,2,1,504
507,507,2017-05-23,2017,21,3,0,505
508,508,2017-05-24,2017,21,4,3,506
509,509,2017-05-25,2017,21,5,0,507
510,510,2017-05-26,2017,21,6,1,508
511,511,2017-05-27,2017,21,7,0,509
512,512,2017-05-28,2017,22,1,1,510
513,513,2017-05-29,2017,22,2,0,511
514,514,2017-05-30,2017,22,3,1,512
515,515,2017-05-31,2017,22,4,0,513
516,516,2017-06-01,2017,22,5,0,514
517,517,2017-06-02,2017,22,6,1,515
518,518,2017-06-03,2017,22,7,0,516
519,519,2017-06-04,2017,23,1,0,517
520,520,2017-06-05,2017,23,2,0,518
521,521,2017-06-06,2017,23,3,3,519
522,522,2017-06-07,2017,23,4,2,520
523,523,2017-06-08,2017,23,5,1,521
524,524,2017-06-09,2017,23,6,3,522
525,525,2017-06-10,2017,23,7,0,523
526,526,2017-06-11,2017,24,1,0,524
527,527,2017-06-12,2017,24,2,2,525
528,528,2017-06-13,2017,24,3,0,526
529,529,2017-06-14,2017,24,4,2,527
530,530,2017-06-15,2017,24,5,1,528
531,531,2017-06-16,2017,24,6,1,529
532,532,2017-06-17,2017,24,7,0,530
533,533,2017-06-18,2017,25,1,0,531
534,534,2017-06-19,2017,25,2,2,532
535,535,2017-06-20,2017,25,3,0,533
536,536,2017-06-21,2017,25,4,0,534
537,537,2017-06-22,2017,25,5,0,535
538,538,2017-06-23,2017,25,6,0,536
539,539,2017-06-24,2017,25,7,0,537
540,540,2017-06-25,2017,26,1,0,538
541,541,2017-06-26,2017,26,2,1,539
542,542,2017-06-27,2017,26,3,3,540
543,543,2017-06-28,2017,26,4,0,541
544,544,2017-06-29,2017,26,5,3,542
545,545,2017-06-30,2017,26,6,0,543
546,546,2017-07-01,2017,26,7,0,544
547,547,2017-07-02,2017,27,1,0,545
548,548,2017-07-03,2017,27,2,3,546
549,549,2017-07-04,2017,27,3,0,547
550,550,2017-07-05,2017,27,4,2,548
551,551,2017-07-06,2017,27,5,0,549
552,552,2017-07-07,2017,27,6,0,550
553,553,2017-07-08,2017,27,7,0,551
554,554,2017-07-09,2017,28,1,0,552
555,555,2017-07-10,2017,28,2,0,553
556,556,2017-07-11,2017,28,3,0,554
557,557,2017-07-12,2017,28,4,1,555
558,558,2017-07-13,2017,28,5,1,556
559,559,2017-07-14,2017,28,6,1,557
560,560,2017-07-15,2017,28,7,0,558
561,561,2017-07-16,2017,29,1,0,559
562,562,2017-07-17,2017,29,2,1,560
563,563,2017-07-18,2017,29,3,0,561
564,564,2017-07-19,2017,29,4,3,562
565,565,2017-07-20,2017,29,5,0,563
566,566,2017-07-21,2017,29,6,1,564
567,567,2017-07-22,2017,29,7,2,565
568,568,2017-07-23,2017,30,1,2,566
569,569,2017-07-24,2017,30,2,0,567
570,570,2017-07-25,2017,30,3,5,568
571,571,2017-07-26,2017,30,4,0,569
572,572,2017-07-27,2017,30,5,2,570
573,573,2017-07-28,2017,30,6,0,571
574,574,2017-07-29,2017,30,7,1,572
575,575,2017-07-30,2017,31,1,0,573
576,576,2017-07-31,2017,31,2,0,574
577,577,2017-08-01,2017,31,3,0,575
578,578,2017-08-02,2017,31,4,4,576
579,579,2017-08-03,2017,31,5,1,577
580,580,2017-08-04,2017,31,6,0,578
581,581,2017-08-05,2017,31,7,0,579
582,582,2017-08-06,2017,32,1,0,580
583,583,2017-08-07,2017,32,2,0,581
584,584,2017-08-08,2017,32,3,0,582
585,585,2017-08-09,2017,32,4,0,583
586,586,2017-08-10,2017,32,5,1,584
587,587,2017-08-11,2017,32,6,2,585
588,588,2017-08-12,2017,32,7,2,586
589,589,2017-08-13,2017,33,1,1,587
590,590,2017-08-14,2017,33,2,2,588
591,591,2017-08-15,2017,33,3,1,589
592,592,2017-08-16,2017,33,4,4,590
593,593,2017-08-17,2017,33,5,0,591
594,594,2017-08-18,2017,33,6,1,592
595,595,2017-08-19,2017,33,7,0,593
596,596,2017-08-20,2017,34,1,0,594
597,597,2017-08-21,2017,34,2,0,595
598,598,2017-08-22,2017,34,3,1,596
599,599,2017-08-23,2017,34,4,0,597
600,600,2017-08-24,2017,34,5,1,598
601,601,2017-08-25,2017,34,6,0,599
602,602,2017-08-26,2017,34,7,0,600
603,603,2017-08-27,2017,35,1,0,601
604,604,2017-08-28,2017,35,2,1,602
605,605,2017-08-29,2017,35,3,1,603
606,606,2017-08-30,2017,35,4,0,604
607,607,2017-08-31,2017,35,5,0,605
608,608,2017-09-01,2017,35,6,1,606
609,609,2017-09-02,2017,35,7,2,607
610,610,2017-09-03,2017,36,1,0,608
611,611,2017-09-04,2017,36,2,1,609
612,612,2017-09-05,2017,36,3,4,610
613,613,2017-09-06,2017,36,4,0,611
614,614,2017-09-07,2017,36,5,3,612
615,615,2017-09-08,2017,36,6,5,613
616,616,2017-09-09,2017,36,7,2,614
617,617,2017-09-10,2017,37,1,1,615
618,618,2017-09-11,2017,37,2,5,616
619,619,2017-09-12,2017,37,3,2,617
620,620,2017-09-13,2017,37,4,1,618
621,621,2017-09-14,2017,37,5,7,619
622,622,2017-09-15,2017,37,6,4,620
623,623,2017-09-16,2017,37,7,0,621
624,624,2017-09-17,2017,38,1,2,622
625,625,2017-09-18,2017,38,2,3,623
626,626,2017-09-19,2017,38,3,2,624
627,627,2017-09-20,2017,38,4,7,625
628,628,2017-09-21,2017,38,5,5,626
629,629,2017-09-22,2017,38,6,4,627
630,630,2017-09-23,2017,38,7,2,628
631,631,2017-09-24,2017,39,1,2,629
632,632,2017-09-25,2017,39,2,3,630
633,633,2017-09-26,2017,39,3,7,631
634,634,2017-09-27,2017,39,4,1,632
635,635,2017-09-28,2017,39,5,6,633
636,636,2017-09-29,2017,39,6,0,634
637,637,2017-09-30,2017,39,7,1,635
638,638,2017-10-01,2017,40,1,1,636
639,639,2017-10-02,2017,40,2,3,637
640,640,2017-10-03,2017,40,3,2,638
641,641,2017-10-04,2017,40,4,1,639
642,642,2017-10-05,2017,40,5,1,640
643,643,2017-10-06,2017,40,6,5,641
644,644,2017-10-07,2017,40,7,3,642
645,645,2017-10-08,2017,41,1,1,643
646,646,2017-10-09,2017,41,2,4,644
647,647,2017-10-10,2017,41,3,3,645
648,648,2017-10-11,2017,41,4,3,646
649,649,2017-10-12,2017,41,5,1,647
650,650,2017-10-13,2017,41,6,5,648
651,651,2017-10-14,2017,41,7,0,649
652,652,2017-10-15,2017,42,1,0,650
653,653,2017-10-16,2017,42,2,2,651
654,654,2017-10-17,2017,42,3,5,652
655,655,2017-10-18,2017,42,4,2,653
656,656,2017-10-19,2017,42,5,1,654
657,657,2017-10-20,2017,42,6,2,655
658,658,2017-10-21,2017,42,7,1,656
659,659,2017-10-22,2017,43,1,1,657
660,660,2017-10-23,2017,43,2,0,658
661,661,2017-10-24,2017,43,3,4,659
662,662,2017-10-25,2017,43,4,7,660
663,663,2017-10-26,2017,43,5,4,661
664,664,2017-10-27,2017,43,6,4,662
665,665,2017-10-28,2017,43,7,2,663
666,666,2017-10-29,2017,44,1,0,664
667,667,2017-10-30,2017,44,2,2,665
668,668,2017-10-31,2017,44,3,4,666
669,669,2017-11-01,2017,44,4,1,667
670,670,2017-11-02,2017,44,5,0,668
671,671,2017-11-03,2017,44,6,9,669
672,672,2017-11-04,2017,44,7,6,670
673,673,2017-11-05,2017,45,1,1,671
674,674,2017-11-06,2017,45,2,5,672
675,675,2017-11-07,2017,45,3,4,673
676,676,2017-11-08,2017,45,4,2,674
677,677,2017-11-09,2017,45,5,2,675
678,678,2017-11-10,2017,45,6,3,676
679,679,2017-11-11,2017,45,7,9,677
680,680,2017-11-12,2017,46,1,2,678
681,681,2017-11-13,2017,46,2,2,679
682,682,2017-11-14,2017,46,3,4,680
683,683,2017-11-15,2017,46,4,1,681
684,684,2017-11-16,2017,46,5,4,682
685,685,2017-11-17,2017,46,6,4,683
686,686,2017-11-18,2017,46,7,4,684
687,687,2017-11-19,2017,47,1,3,685
688,688,2017-11-20,2017,47,2,0,686
689,689,2017-11-21,2017,47,3,5,687
690,690,2017-11-22,2017,47,4,8,688
691,691,2017-11-23,2017,47,5,4,689
692,692,2017-11-24,2017,47,6,5,690
693,693,2017-11-25,2017,47,7,11,691
694,694,2017-11-26,2017,48,1,4,692
695,695,2017-11-27,2017,48,2,8,693
696,696,2017-11-28,2017,48,3,8,694
697,697,2017-11-29,2017,48,4,2,695
698,698,2017-11-30,2017,48,5,3,696
699,699,2017-12-01,2017,48,6,10,697
700,700,2017-12-02,2017,48,7,3,698
701,701,2017-12-03,2017,49,1,0,699
702,702,2017-12-04,2017,49,2,2,700
703,703,2017-12-05,2017,49,3,1,701
704,704,2017-12-06,2017,49,4,5,702
705,705,2017-12-07,2017,49,5,6,703
706,706,2017-12-08,2017,49,6,3,704
707,707,2017-12-09,2017,49,7,9,705
708,708,2017-12-10,2017,50,1,8,706
709,709,2017-12-11,2017,50,2,2,707
710,710,2017-12-12,2017,50,3,6,708
711,711,2017-12-13,2017,50,4,3,709
712,712,2017-12-14,2017,50,5,2,710
713,713,2017-12-15,2017,50,6,4,711
714,714,2017-12-16,2017,50,7,4,712
715,715,2017-12-17,2017,51,1,2,713
716,716,2017-12-18,2017,51,2,5,714
717,717,2017-12-19,2017,51,3,9,715
718,718,2017-12-20,2017,51,4,4,716
719,719,2017-12-21,2017,51,5,0,717
720,720,2017-12-22,2017,51,6,2,718
721,721,2017-12-23,2017,51,7,5,719
722,722,2017-12-24,2017,52,1,1,720
723,723,2017-12-25,2017,52,2,0,721
724,724,2017-12-26,2017,52,3,5,722
725,725,2017-12-27,2017,52,4,1,723
726,726,2017-12-28,2017,52,5,0,724
727,727,2017-12-29,2017,52,6,0,725
728,728,2017-12-30,2017,52,7,6,726
729,729,2017-12-31,2017,1,1,0,727
730,730,2018-01-01,2018,1,2,0,728
731,731,2018-01-02,2018,1,3,4,729
732,732,2018-01-03,2018,1,4,3,730
733,733,2018-01-04,2018,1,5,5,731
734,734,2018-01-05,2018,1,6,8,732
735,735,2018-01-06,2018,1,7,4,733
736,736,2018-01-07,2018,2,1,2,734
737,737,2018-01-08,2018,2,2,5,735
738,738,2018-01-09,2018,2,3,6,736
739,739,2018-01-10,2018,2,4,5,737
740,740,2018-01-11,2018,2,5,5,738
741,741,2018-01-12,2018,2,6,7,739
742,742,2018-01-13,2018,2,7,3,740
743,743,2018-01-14,2018,3,1,2,741
744,744,2018-01-15,2018,3,2,9,742
745,745,2018-01-16,2018,3,3,5,743
746,746,2018-01-17,2018,3,4,5,744
747,747,2018-01-18,2018,3,5,2,745
748,748,2018-01-19,2018,3,6,4,746
749,749,2018-01-20,2018,3,7,3,747
750,750,2018-01-21,2018,4,1,5,748
751,751,2018-01-22,2018,4,2,1,749
752,752,2018-01-23,2018,4,3,3,750
753,753,2018-01-24,2018,4,4,4,751
754,754,2018-01-25,2018,4,5,3,752
755,755,2018-01-26,2018,4,6,10,753
756,756,2018-01-27,2018,4,7,8,754
757,757,2018-01-28,2018,5,1,4,755
758,758,2018-01-29,2018,5,2,4,756
759,759,2018-01-30,2018,5,3,5,757
760,760,2018-01-31,2018,5,4,8,758
761,761,2018-02-01,2018,5,5,7,759
762,762,2018-02-02,2018,5,6,7,760
763,763,2018-02-03,2018,5,7,0,761
764,764,2018-02-04,2018,6,1,1,762
765,765,2018-02-05,2018,6,2,0,763
766,766,2018-02-06,2018,6,3,5,764
767,767,2018-02-07,2018,6,4,2,765
768,768,2018-02-08,2018,6,5,4,766
769,769,2018-02-09,2018,6,6,3,767
770,770,2018-02-10,2018,6,7,7,768
771,771,2018-02-11,2018,7,1,2,769
772,772,2018-02-12,2018,7,2,2,770
773,773,2018-02-13,2018,7,3,3,771
774,774,2018-02-14,2018,7,4,1,772
775,775,2018-02-15,2018,7,5,2,773
776,776,2018-02-16,2018,7,6,3,774
777,777,2018-02-17,2018,7,7,3,775
778,778,2018-02-18,2018,8,1,2,776
779,779,2018-02-19,2018,8,2,1,777
780,780,2018-02-20,2018,8,3,3,778
781,781,2018-02-21,2018,8,4,2,779
782,782,2018-02-22,2018,8,5,3,780
783,783,2018-02-23,2018,8,6,12,781
784,784,2018-02-24,2018,8,7,3,782
785,785,2018-02-25,2018,9,1,4,783
786,786,2018-02-26,2018,9,2,9,784
787,787,2018-02-27,2018,9,3,2,785
788,788,2018-02-28,2018,9,4,6,786
789,789,2018-03-01,2018,9,5,4,787
790,790,2018-03-02,2018,9,6,11,788
791,791,2018-03-03,2018,9,7,2,789
792,792,2018-03-04,2018,10,1,0,790
793,793,2018-03-05,2018,10,2,2,791
794,794,2018-03-06,2018,10,3,6,792
795,795,2018-03-07,2018,10,4,2,793
796,796,2018-03-08,2018,10,5,2,794
797,797,2018-03-09,2018,10,6,7,795
798,798,2018-03-10,2018,10,7,2,796
799,799,2018-03-11,2018,11,1,3,797
800,800,2018-03-12,2018,11,2,2,798
801,801,2018-03-13,2018,11,3,5,799
802,802,2018-03-14,2018,11,4,3,800
803,803,2018-03-15,2018,11,5,1,801
804,804,2018-03-16,2018,11,6,1,802
805,805,2018-03-17,2018,11,7,3,803
806,806,2018-03-18,2018,12,1,3,804
807,807,2018-03-19,2018,12,2,0,805
808,808,2018-03-20,2018,12,3,0,806
809,809,2018-03-21,2018,12,4,2,807
810,810,2018-03-22,2018,12,5,1,808
811,811,2018-03-23,2018,12,6,3,809
812,812,2018-03-24,2018,12,7,4,810
813,813,2018-03-25,2018,13,1,0,811
814,814,2018-03-26,2018,13,2,0,812
815,815,2018-03-27,2018,13,3,5,813
816,816,2018-03-28,2018,13,4,5,814
817,817,2018-03-29,2018,13,5,0,815
818,818,2018-03-30,2018,13,6,0,816
819,819,2018-03-31,2018,13,7,0,817
820,820,2018-04-01,2018,14,1,0,818
821,821,2018-04-02,2018,14,2,1,819
822,822,2018-04-03,2018,14,3,5,820
823,823,2018-04-04,2018,14,4,2,821
824,824,2018-04-05,2018,14,5,1,822
825,825,2018-04-06,2018,14,6,3,823
826,826,2018-04-07,2018,14,7,2,824
827,827,2018-04-08,2018,15,1,2,825
828,828,2018-04-09,2018,15,2,1,826
829,829,2018-04-10,2018,15,3,1,827
830,830,2018-04-11,2018,15,4,1,828
831,831,2018-04-12,2018,15,5,2,829
832,832,2018-04-13,2018,15,6,3,830
833,833,2018-04-14,2018,15,7,5,831
834,834,2018-04-15,2018,16,1,2,832
835,835,2018-04-16,2018,16,2,4,833
836,836,2018-04-17,2018,16,3,1,834
837,837,2018-04-18,2018,16,4,1,835
838,838,2018-04-19,2018,16,5,1,836
839,839,2018-04-20,2018,16,6,1,837
840,840,2018-04-21,2018,16,7,0,838
841,841,2018-04-22,2018,17,1,0,839
842,842,2018-04-23,2018,17,2,1,840
843,843,2018-04-24,2018,17,3,0,841
844,844,2018-04-25,2018,17,4,1,842
845,845,2018-04-26,2018,17,5,1,843
846,846,2018-04-27,2018,17,6,1,844
847,847,2018-04-28,2018,17,7,5,845
848,848,2018-04-29,2018,18,1,1,846
849,849,2018-04-30,2018,18,2,0,847
850,850,2018-05-01,2018,18,3,0,848
851,851,2018-05-02,2018,18,4,3,849
852,852,2018-05-03,2018,18,5,2,850
853,853,2018-05-04,2018,18,6,2,851
854,854,2018-05-05,2018,18,7,1,852
855,855,2018-05-06,2018,19,1,0,853
856,856,2018-05-07,2018,19,2,2,854
857,857,2018-05-08,2018,19,3,4,855
858,858,2018-05-09,2018,19,4,1,856
859,859,2018-05-10,2018,19,5,1,857
860,860,2018-05-11,2018,19,6,0,858
861,861,2018-05-12,2018,19,7,0,859
862,862,2018-05-13,2018,20,1,1,860
863,863,2018-05-14,2018,20,2,3,861
864,864,2018-05-15,2018,20,3,4,862
865,865,2018-05-16,2018,20,4,1,863
866,866,2018-05-17,2018,20,5,1,864
867,867,2018-05-18,2018,20,6,2,865
868,868,2018-05-19,2018,20,7,2,866
869,869,2018-05-20,2018,21,1,0,867
870,870,2018-05-21,2018,21,2,0,868
871,871,2018-05-22,2018,21,3,2,869
872,872,2018-05-23,2018,21,4,1,870
873,873,2018-05-24,2018,21,5,2,871
874,874,2018-05-25,2018,21,6,2,872
875,875,2018-05-26,2018,21,7,0,873
876,876,2018-05-27,2018,22,1,1,874
877,877,2018-05-28,2018,22,2,5,875
878,878,2018-05-29,2018,22,3,1,876
879,879,2018-05-30,2018,22,4,1,877
880,880,2018-05-31,2018,22,5,1,878
881,881,2018-06-01,2018,22,6,2,879
882,882,2018-06-02,2018,22,7,0,880
883,883,2018-06-03,2018,23,1,1,881
884,884,2018-06-04,2018,23,2,1,882
885,885,2018-06-05,2018,23,3,1,883
886,886,2018-06-06,2018,23,4,2,884
887,887,2018-06-07,2018,23,5,3,885
888,888,2018-06-08,2018,23,6,1,886
889,889,2018-06-09,2018,23,7,3,887
890,890,2018-06-10,2018,24,1,1,888
891,891,2018-06-11,2018,24,2,0,889
892,892,2018-06-12,2018,24,3,3,890
893,893,2018-06-13,2018,24,4,2,891
894,894,2018-06-14,2018,24,5,3,892
895,895,2018-06-15,2018,24,6,1,893
896,896,2018-06-16,2018,24,7,0,894
897,897,2018-06-17,2018,25,1,0,895
898,898,2018-06-18,2018,25,2,1,896
899,899,2018-06-19,2018,25,3,1,897
900,900,2018-06-20,2018,25,4,1,898
901,901,2018-06-21,2018,25,5,0,899
902,902,2018-06-22,2018,25,6,0,900
903,903,2018-06-23,2018,25,7,0,901
904,904,2018-06-24,2018,26,1,1,902
905,905,2018-06-25,2018,26,2,0,903
906,906,2018-06-26,2018,26,3,4,904
907,907,2018-06-27,2018,26,4,1,905
908,908,2018-06-28,2018,26,5,0,906
909,909,2018-06-29,2018,26,6,0,907
910,910,2018-06-30,2018,26,7,0,908
911,911,2018-07-01,2018,27,1,0,909
912,912,2018-07-02,2018,27,2,0,910
913,913,2018-07-03,2018,27,3,0,911
914,914,2018-07-04,2018,27,4,0,912
915,915,2018-07-05,2018,27,5,1,913
916,916,2018-07-06,2018,27,6,1,914
917,917,2018-07-07,2018,27,7,2,915
918,918,2018-07-08,2018,28,1,1,916
919,919,2018-07-09,2018,28,2,1,917
920,920,2018-07-10,2018,28,3,0,918
921,921,2018-07-11,2018,28,4,0,919
922,922,2018-07-12,2018,28,5,0,920
923,923,2018-07-13,2018,28,6,1,921
924,924,2018-07-14,2018,28,7,0,922
925,925,2018-07-15,2018,29,1,2,923
926,926,2018-07-16,2018,29,2,4,924
927,927,2018-07-17,2018,29,3,1,925
928,928,2018-07-18,2018,29,4,1,926
929,929,2018-07-19,2018,29,5,1,927
930,930,2018-07-20,2018,29,6,0,928
931,931,2018-07-21,2018,29,7,1,929
932,932,2018-07-22,2018,30,1,1,930
933,933,2018-07-23,2018,30,2,0,931
934,934,2018-07-24,2018,30,3,0,932
935,935,2018-07-25,2018,30,4,2,933
936,936,2018-07-26,2018,30,5,0,934
937,937,2018-07-27,2018,30,6,0,935
938,938,2018-07-28,2018,30,7,2,936
939,939,2018-07-29,2018,31,1,0,937
940,940,2018-07-30,2018,31,2,1,938
941,941,2018-07-31,2018,31,3,0,939
942,942,2018-08-01,2018,31,4,3,940
943,943,2018-08-02,2018,31,5,2,941
944,944,2018-08-03,2018,31,6,1,942
945,945,2018-08-04,2018,31,7,2,943
946,946,2018-08-05,2018,32,1,0,944
947,947,2018-08-06,2018,32,2,0,945
948,948,2018-08-07,2018,32,3,0,946
949,949,2018-08-08,2018,32,4,1,947
950,950,2018-08-09,2018,32,5,1,948
951,951,2018-08-10,2018,32,6,0,949
952,952,2018-08-11,2018,32,7,3,950
953,953,2018-08-12,2018,33,1,0,951
954,954,2018-08-13,2018,33,2,1,952
955,955,2018-08-14,2018,33,3,0,953
956,956,2018-08-15,2018,33,4,0,954
957,957,2018-08-16,2018,33,5,3,955
958,958,2018-08-17,2018,33,6,0,956
959,959,2018-08-18,2018,33,7,3,957
960,960,2018-08-19,2018,34,1,1,958
961,961,2018-08-20,2018,34,2,0,959
962,962,2018-08-21,2018,34,3,0,960
963,963,2018-08-22,2018,34,4,4,961
964,964,2018-08-23,2018,34,5,2,962
965,965,2018-08-24,2018,34,6,0,963
966,966,2018-08-25,2018,34,7,1,964
967,967,2018-08-26,2018,35,1,1,965
968,968,2018-08-27,2018,35,2,0,966
969,969,2018-08-28,2018,35,3,0,967
970,970,2018-08-29,2018,35,4,1,968
971,971,2018-08-30,2018,35,5,0,969
972,972,2018-08-31,2018,35,6,1,970
973,973,2018-09-01,2018,35,7,4,971
974,974,2018-09-02,2018,36,1,2,972
975,975,2018-09-03,2018,36,2,0,973
976,976,2018-09-04,2018,36,3,0,974
977,977,2018-09-05,2018,36,4,1,975
978,978,2018-09-06,2018,36,5,0,976
979,979,2018-09-07,2018,36,6,0,977
980,980,2018-09-08,2018,36,7,3,978
981,981,2018-09-09,2018,37,1,1,979
982,982,2018-09-10,2018,37,2,3,980
983,983,2018-09-11,2018,37,3,3,981
984,984,2018-09-12,2018,37,4,2,982
985,985,2018-09-13,2018,37,5,0,983
986,986,2018-09-14,2018,37,6,1,984
987,987,2018-09-15,2018,37,7,12,985
988,988,2018-09-16,2018,38,1,4,986
989,989,2018-09-17,2018,38,2,3,987
990,990,2018-09-18,2018,38,3,2,988
991,991,2018-09-19,2018,38,4,3,989
992,992,2018-09-20,2018,38,5,3,990
993,993,2018-09-21,2018,38,6,0,991
994,994,2018-09-22,2018,38,7,3,992
995,995,2018-09-23,2018,39,1,2,993
996,996,2018-09-24,2018,39,2,0,994
997,997,2018-09-25,2018,39,3,1,995
998,998,2018-09-26,2018,39,4,3,996
999,999,2018-09-27,2018,39,5,0,997
1000,1000,2018-09-28,2018,39,6,1,998
1001,1001,2018-09-29,2018,39,7,1,999
1002,1002,2018-09-30,2018,40,1,0,1000
1003,1003,2018-10-01,2018,40,2,0,1001
1004,1004,2018-10-02,2018,40,3,0,1002
1005,1005,2018-10-03,2018,40,4,0,1003
1006,1006,2018-10-04,2018,40,5,0,1004
1007,1007,2018-10-05,2018,40,6,1,1005
1008,1008,2018-10-06,2018,40,7,0,1006
1009,1009,2018-10-07,2018,41,1,0,1007
1010,1010,2018-10-08,2018,41,2,0,1008
1011,1011,2018-10-09,2018,41,3,1,1009
1012,1012,2018-10-10,2018,41,4,1,1010
1013,1013,2018-10-11,2018,41,5,1,1011
1014,1014,2018-10-12,2018,41,6,1,1012
1015,1015,2018-10-13,2018,41,7,2,1013
1016,1016,2018-10-14,2018,42,1,3,1014
1017,1017,2018-10-15,2018,42,2,0,1015
1018,1018,2018-10-16,2018,42,3,2,1016
1019,1019,2018-10-17,2018,42,4,0,1017
1020,1020,2018-10-18,2018,42,5,0,1018
1021,1021,2018-10-19,2018,42,6,0,1019
1022,1022,2018-10-20,2018,42,7,2,1020
1023,1023,2018-10-21,2018,43,1,1,1021
1024,1024,2018-10-22,2018,43,2,0,1022
1025,1025,2018-10-23,2018,43,3,1,1023
1026,1026,2018-10-24,2018,43,4,0,1024
1027,1027,2018-10-25,2018,43,5,2,1025
1028,1028,2018-10-26,2018,43,6,2,1026
1029,1029,2018-10-27,2018,43,7,4,1027
1030,1030,2018-10-28,2018,44,1,2,1028
1031,1031,2018-10-29,2018,44,2,1,1029
1032,1032,2018-10-30,2018,44,3,2,1030
1033,1033,2018-10-31,2018,44,4,1,1031
1034,1034,2018-11-01,2018,44,5,1,1032
1035,1035,2018-11-02,2018,44,6,0,1033
1036,1036,2018-11-03,2018,44,7,7,1034
1037,1037,2018-11-04,2018,45,1,4,1035
1038,1038,2018-11-05,2018,45,2,1,1036
1039,1039,2018-11-06,2018,45,3,0,1037
1040,1040,2018-11-07,2018,45,4,0,1038
1041,1041,2018-11-08,2018,45,5,0,1039
1042,1042,2018-11-09,2018,45,6,2,1040
1043,1043,2018-11-10,2018,45,7,5,1041
1044,1044,2018-11-11,2018,46,1,2,1042
1045,1045,2018-11-12,2018,46,2,1,1043
1046,1046,2018-11-13,2018,46,3,4,1044
1047,1047,2018-11-14,2018,46,4,1,1045
1048,1048,2018-11-15,2018,46,5,3,1046
1049,1049,2018-11-16,2018,46,6,2,1047
1050,1050,2018-11-17,2018,46,7,5,1048
1051,1051,2018-11-18,2018,47,1,6,1049
1052,1052,2018-11-19,2018,47,2,0,1050
1053,1053,2018-11-20,2018,47,3,1,1051
1054,1054,2018-11-21,2018,47,4,1,1052
1055,1055,2018-11-22,2018,47,5,2,1053
1056,1056,2018-11-23,2018,47,6,0,1054
1057,1057,2018-11-24,2018,47,7,14,1055
1058,1058,2018-11-25,2018,48,1,7,1056
1059,1059,2018-11-26,2018,48,2,1,1057
1060,1060,2018-11-27,2018,48,3,3,1058
1061,1061,2018-11-28,2018,48,4,1,1059
1062,1062,2018-11-29,2018,48,5,3,1060
1063,1063,2018-11-30,2018,48,6,1,1061
1064,1064,2018-12-01,2018,48,7,1,1062
1065,1065,2018-12-02,2018,49,1,6,1063
1066,1066,2018-12-03,2018,49,2,5,1064
1067,1067,2018-12-04,2018,49,3,1,1065
1068,1068,2018-12-05,2018,49,4,3,1066
1069,1069,2018-12-06,2018,49,5,3,1067
1070,1070,2018-12-07,2018,49,6,5,1068
1071,1071,2018-12-08,2018,49,7,10,1069
1072,1072,2018-12-09,2018,50,1,6,1070
1073,1073,2018-12-10,2018,50,2,2,1071
1074,1074,2018-12-11,2018,50,3,2,1072
1075,1075,2018-12-12,2018,50,4,1,1073
1076,1076,2018-12-13,2018,50,5,0,1074
1077,1077,2018-12-14,2018,50,6,2,1075
1078,1078,2018-12-15,2018,50,7,0,1076
1079,1079,2018-12-16,2018,51,1,6,1077
1080,1080,2018-12-17,2018,51,2,1,1078
1081,1081,2018-12-18,2018,51,3,5,1079
1082,1082,2018-12-19,2018,51,4,0,1080
1083,1083,2018-12-20,2018,51,5,1,1081
1084,1084,2018-12-21,2018,51,6,0,1082
1085,1085,2018-12-22,2018,51,7,0,1083
1086,1086,2018-12-23,2018,52,1,3,1084
1087,1087,2018-12-24,2018,52,2,0,1085
1088,1088,2018-12-25,2018,52,3,0,1086
1089,1089,2018-12-26,2018,52,4,1,1087
1090,1090,2018-12-27,2018,52,5,0,1088
1091,1091,2018-12-28,2018,52,6,1,1089
1092,1092,2018-12-29,2018,52,7,3,1090
1093,1093,2018-12-30,2018,1,1,6,1091
1094,1094,2018-12-31,2018,1,2,0,1092
1095,1095,2019-01-01,2019,1,3,0,1093
1096,1096,2019-01-02,2019,1,4,3,1094
1097,1097,2019-01-03,2019,1,5,2,1095
1098,1098,2019-01-04,2019,1,6,4,1096
1099,1099,2019-01-05,2019,1,7,6,1097
1100,1100,2019-01-06,2019,2,1,4,1098
1101,1101,2019-01-07,2019,2,2,7,1099
1102,1102,2019-01-08,2019,2,3,3,1100
1103,1103,2019-01-09,2019,2,4,3,1101
1104,1104,2019-01-10,2019,2,5,2,1102
1105,1105,2019-01-11,2019,2,6,0,1103
1106,1106,2019-01-12,2019,2,7,0,1104
1107,1107,2019-01-13,2019,3,1,0,1105
1108,1108,2019-01-14,2019,3,2,2,1106
1109,1109,2019-01-15,2019,3,3,2,1107
1110,1110,2019-01-16,2019,3,4,5,1108
1111,1111,2019-01-17,2019,3,5,4,1109
1112,1112,2019-01-18,2019,3,6,1,1110
1113,1113,2019-01-19,2019,3,7,11,1111
1114,1114,2019-01-20,2019,4,1,4,1112
1115,1115,2019-01-21,2019,4,2,3,1113
1116,1116,2019-01-22,2019,4,3,4,1114
1117,1117,2019-01-23,2019,4,4,1,1115
1118,1118,2019-01-24,2019,4,5,1,1116
1119,1119,2019-01-25,2019,4,6,4,1117
1120,1120,2019-01-26,2019,4,7,4,1118
1121,1121,2019-01-27,2019,5,1,6,1119
1122,1122,2019-01-28,2019,5,2,2,1120
1123,1123,2019-01-29,2019,5,3,5,1121
1124,1124,2019-01-30,2019,5,4,6,1122
1125,1125,2019-01-31,2019,5,5,3,1123
1126,1126,2019-02-01,2019,5,6,9,1124
1127,1127,2019-02-02,2019,5,7,0,1125
1128,1128,2019-02-03,2019,6,1,0,1126
1129,1129,2019-02-04,2019,6,2,0,1127
1130,1130,2019-02-05,2019,6,3,3,1128
1131,1131,2019-02-06,2019,6,4,4,1129
1132,1132,2019-02-07,2019,6,5,1,1130
1133,1133,2019-02-08,2019,6,6,4,1131
1134,1134,2019-02-09,2019,6,7,2,1132
1135,1135,2019-02-10,2019,7,1,9,1133
1136,1136,2019-02-11,2019,7,2,2,1134
1137,1137,2019-02-12,2019,7,3,2,1135
1138,1138,2019-02-13,2019,7,4,4,1136
1139,1139,2019-02-14,2019,7,5,2,1137
1140,1140,2019-02-15,2019,7,6,2,1138
1141,1141,2019-02-16,2019,7,7,10,1139
1142,1142,2019-02-17,2019,8,1,0,1140
1143,1143,2019-02-18,2019,8,2,4,1141
1144,1144,2019-02-19,2019,8,3,3,1142
1145,1145,2019-02-20,2019,8,4,2,1143
1146,1146,2019-02-21,2019,8,5,1,1144
1147,1147,2019-02-22,2019,8,6,4,1145
1148,1148,2019-02-23,2019,8,7,7,1146
1149,1149,2019-02-24,2019,9,1,2,1147
1150,1150,2019-02-25,2019,9,2,1,1148
1151,1151,2019-02-26,2019,9,3,2,1149
1152,1152,2019-02-27,2019,9,4,1,1150
1153,1153,2019-02-28,2019,9,5,0,1151
1154,1154,2019-03-01,2019,9,6,3,1152
1155,1155,2019-03-02,2019,9,7,5,1153
1156,1156,2019-03-03,2019,10,1,5,1154
1157,1157,2019-03-04,2019,10,2,0,1155
1158,1158,2019-03-05,2019,10,3,4,1156
1159,1159,2019-03-06,2019,10,4,1,1157
1160,1160,2019-03-07,2019,10,5,5,1158
1161,1161,2019-03-08,2019,10,6,3,1159
1162,1162,2019-03-09,2019,10,7,7,1160
1163,1163,2019-03-10,2019,11,1,2,1161
1164,1164,2019-03-11,2019,11,2,1,1162
1165,1165,2019-03-12,2019,11,3,1,1163
1166,1166,2019-03-13,2019,11,4,3,1164
1167,1167,2019-03-14,2019,11,5,2,1165
1168,1168,2019-03-15,2019,11,6,2,1166
1169,1169,2019-03-16,2019,11,7,3,1167
1170,1170,2019-03-17,2019,12,1,5,1168
1171,1171,2019-03-18,2019,12,2,0,1169
1172,1172,2019-03-19,2019,12,3,2,1170
1173,1173,2019-03-20,2019,12,4,1,1171
1174,1174,2019-03-21,2019,12,5,1,1172
1175,1175,2019-03-22,2019,12,6,3,1173
1176,1176,2019-03-23,2019,12,7,1,1174
1177,1177,2019-03-24,2019,13,1,8,1175
1178,1178,2019-03-25,2019,13,2,3,1176
1179,1179,2019-03-26,2019,13,3,1,1177
1180,1180,2019-03-27,2019,13,4,0,1178
1181,1181,2019-03-28,2019,13,5,1,1179
1182,1182,2019-03-29,2019,13,6,0,1180
1183,1183,2019-03-30,2019,13,7,3,1181
1184,1184,2019-03-31,2019,14,1,6,1182
1185,1185,2019-04-01,2019,14,2,0,1183
1186,1186,2019-04-02,2019,14,3,2,1184
1187,1187,2019-04-03,2019,14,4,1,1185
1188,1188,2019-04-04,2019,14,5,3,1186
1189,1189,2019-04-05,2019,14,6,1,1187
1190,1190,2019-04-06,2019,14,7,6,1188
1191,1191,2019-04-07,2019,15,1,2,1189
1192,1192,2019-04-08,2019,15,2,2,1190
1193,1193,2019-04-09,2019,15,3,1,1191
1194,1194,2019-04-10,2019,15,4,4,1192
1195,1195,2019-04-11,2019,15,5,0,1193
1196,1196,2019-04-12,2019,15,6,0,1194
1197,1197,2019-04-13,2019,15,7,2,1195
1198,1198,2019-04-14,2019,16,1,1,1196
1199,1199,2019-04-15,2019,16,2,2,1197
1200,1200,2019-04-16,2019,16,3,4,1198
1201,1201,2019-04-17,2019,16,4,1,1199
1202,1202,2019-04-18,2019,16,5,0,1200
1203,1203,2019-04-19,2019,16,6,0,1201
1204,1204,2019-04-20,2019,16,7,0,1202
1205,1205,2019-04-21,2019,17,1,0,1203
1206,1206,2019-04-22,2019,17,2,2,1204
1207,1207,2019-04-23,2019,17,3,2,1205
1208,1208,2019-04-24,2019,17,4,0,1206
1209,1209,2019-04-25,2019,17,5,1,1207
1210,1210,2019-04-26,2019,17,6,0,1208
1211,1211,2019-04-27,2019,17,7,1,1209
1212,1212,2019-04-28,2019,18,1,4,1210
1213,1213,2019-04-29,2019,18,2,2,1211
1214,1214,2019-04-30,2019,18,3,1,1212
1215,1215,2019-05-01,2019,18,4,0,1213
1216,1216,2019-05-02,2019,18,5,2,1214
1217,1217,2019-05-03,2019,18,6,2,1215
1218,1218,2019-05-04,2019,18,7,2,1216
1219,1219,2019-05-05,2019,19,1,1,1217
1220,1220,2019-05-06,2019,19,2,2,1218
1221,1221,2019-05-07,2019,19,3,3,1219
1222,1222,2019-05-08,2019,19,4,0,1220
1223,1223,2019-05-09,2019,19,5,1,1221
1224,1224,2019-05-10,2019,19,6,2,1222
1225,1225,2019-05-11,2019,19,7,0,1223
1226,1226,2019-05-12,2019,20,1,3,1224
1227,1227,2019-05-13,2019,20,2,1,1225
1228,1228,2019-05-14,2019,20,3,1,1226
1229,1229,2019-05-15,2019,20,4,1,1227
1230,1230,2019-05-16,2019,20,5,1,1228
1231,1231,2019-05-17,2019,20,6,1,1229
1232,1232,2019-05-18,2019,20,7,1,1230
1233,1233,2019-05-19,2019,21,1,1,1231
1234,1234,2019-05-20,2019,21,2,0,1232
1235,1235,2019-05-21,2019,21,3,0,1233
1236,1236,2019-05-22,2019,21,4,0,1234
1237,1237,2019-05-23,2019,21,5,1,1235
1238,1238,2019-05-24,2019,21,6,1,1236
1239,1239,2019-05-25,2019,21,7,0,1237
1240,1240,2019-05-26,2019,22,1,0,1238
1241,1241,2019-05-27,2019,22,2,2,1239
1242,1242,2019-05-28,2019,22,3,1,1240
1243,1243,2019-05-29,2019,22,4,0,1241
1244,1244,2019-05-30,2019,22,5,2,1242
1245,1245,2019-05-31,2019,22,6,0,1243
1246,1246,2019-06-01,2019,22,7,1,1244
1247,1247,2019-06-02,2019,23,1,6,1245
1248,1248,2019-06-03,2019,23,2,0,1246
1249,1249,2019-06-04,2019,23,3,2,1247
1250,1250,2019-06-05,2019,23,4,0,1248
1251,1251,2019-06-06,2019,23,5,1,1249
1252,1252,2019-06-07,2019,23,6,1,1250
1253,1253,2019-06-08,2019,23,7,2,1251
1254,1254,2019-06-09,2019,24,1,0,1252
1255,1255,2019-06-10,2019,24,2,3,1253
1256,1256,2019-06-11,2019,24,3,0,1254
1257,1257,2019-06-12,2019,24,4,0,1255
1258,1258,2019-06-13,2019,24,5,0,1256
1259,1259,2019-06-14,2019,24,6,0,1257
1260,1260,2019-06-15,2019,24,7,1,1258
1261,1261,2019-06-16,2019,25,1,1,1259
1262,1262,2019-06-17,2019,25,2,1,1260
1263,1263,2019-06-18,2019,25,3,2,1261
1264,1264,2019-06-19,2019,25,4,0,1262
1265,1265,2019-06-20,2019,25,5,0,1263
1266,1266,2019-06-21,2019,25,6,2,1264
1267,1267,2019-06-22,2019,25,7,1,1265
1268,1268,2019-06-23,2019,26,1,0,1266
1269,1269,2019-06-24,2019,26,2,0,1267
1270,1270,2019-06-25,2019,26,3,0,1268
1271,1271,2019-06-26,2019,26,4,1,1269
1272,1272,2019-06-27,2019,26,5,1,1270
1273,1273,2019-06-28,2019,26,6,0,1271
1274,1274,2019-06-29,2019,26,7,0,1272
1275,1275,2019-06-30,2019,27,1,0,1273
1276,1276,2019-07-01,2019,27,2,0,1274
1277,1277,2019-07-02,2019,27,3,3,1275
1278,1278,2019-07-03,2019,27,4,2,1276
1279,1279,2019-07-04,2019,27,5,0,1277
1280,1280,2019-07-05,2019,27,6,0,1278
1281,1281,2019-07-06,2019,27,7,2,1279
1282,1282,2019-07-07,2019,28,1,2,1280
1283,1283,2019-07-08,2019,28,2,2,1281
1284,1284,2019-07-09,2019,28,3,1,1282
1285,1285,2019-07-10,2019,28,4,4,1283
1286,1286,2019-07-11,2019,28,5,0,1284
1287,1287,2019-07-12,2019,28,6,2,1285
1288,1288,2019-07-13,2019,28,7,2,1286
1289,1289,2019-07-14,2019,29,1,0,1287
1290,1290,2019-07-15,2019,29,2,1,1288
1291,1291,2019-07-16,2019,29,3,1,1289
1292,1292,2019-07-17,2019,29,4,0,1290
1293,1293,2019-07-18,2019,29,5,0,1291
1294,1294,2019-07-19,2019,29,6,0,1292
1295,1295,2019-07-20,2019,29,7,1,1293
1296,1296,2019-07-21,2019,30,1,0,1294
1297,1297,2019-07-22,2019,30,2,0,1295
1298,1298,2019-07-23,2019,30,3,0,1296
1299,1299,2019-07-24,2019,30,4,0,1297
1300,1300,2019-07-25,2019,30,5,2,1298
1301,1301,2019-07-26,2019,30,6,0,1299
1302,1302,2019-07-27,2019,30,7,0,1300
1303,1303,2019-07-28,2019,31,1,0,1301
1304,1304,2019-07-29,2019,31,2,0,1302
1305,1305,2019-07-30,2019,31,3,0,1303
1306,1306,2019-07-31,2019,31,4,0,1304
1307,1307,2019-08-01,2019,31,5,1,1305
1308,1308,2019-08-02,2019,31,6,0,1306
1309,1309,2019-08-03,2019,31,7,0,1307
1310,1310,2019-08-04,2019,32,1,0,1308
1311,1311,2019-08-05,2019,32,2,1,1309
1312,1312,2019-08-06,2019,32,3,0,1310
1313,1313,2019-08-07,2019,32,4,0,1311
1314,1314,2019-08-08,2019,32,5,1,1312
1315,1315,2019-08-09,2019,32,6,0,1313
1316,1316,2019-08-10,2019,32,7,2,1314
1317,1317,2019-08-11,2019,33,1,5,1315
1318,1318,2019-08-12,2019,33,2,2,1316
1319,1319,2019-08-13,2019,33,3,0,1317
1320,1320,2019-08-14,2019,33,4,1,1318
1321,1321,2019-08-15,2019,33,5,1,1319
1322,1322,2019-08-16,2019,33,6,0,1320
1323,1323,2019-08-17,2019,33,7,2,1321
1324,1324,2019-08-18,2019,34,1,0,1322
1325,1325,2019-08-19,2019,34,2,2,1323
1326,1326,2019-08-20,2019,34,3,0,1324
1327,1327,2019-08-21,2019,34,4,0,1325
1328,1328,2019-08-22,2019,34,5,0,1326
1329,1329,2019-08-23,2019,34,6,0,1327
1330,1330,2019-08-24,2019,34,7,1,1328
1331,1331,2019-08-25,2019,35,1,0,1329
1332,1332,2019-08-26,2019,35,2,0,1330
1333,1333,2019-08-27,2019,35,3,0,1331
1334,1334,2019-08-28,2019,35,4,2,1332
1335,1335,2019-08-29,2019,35,5,1,1333
1336,1336,2019-08-30,2019,35,6,1,1334
1337,1337,2019-08-31,2019,35,7,2,1335
1338,1338,2019-09-01,2019,36,1,0,1336
1339,1339,2019-09-02,2019,36,2,0,1337
1340,1340,2019-09-03,2019,36,3,1,1338
1341,1341,2019-09-04,2019,36,4,1,1339
1342,1342,2019-09-05,2019,36,5,0,1340
1343,1343,2019-09-06,2019,36,6,1,1341
1344,1344,2019-09-07,2019,36,7,1,1342
1345,1345,2019-09-08,2019,37,1,0,1343
1346,1346,2019-09-09,2019,37,2,3,1344
1347,1347,2019-09-10,2019,37,3,1,1345
1348,1348,2019-09-11,2019,37,4,2,1346
1349,1349,2019-09-12,2019,37,5,7,1347
1350,1350,2019-09-13,2019,37,6,0,1348
1351,1351,2019-09-14,2019,37,7,9,1349
1352,1352,2019-09-15,2019,38,1,10,1350
1353,1353,2019-09-16,2019,38,2,0,1351
1354,1354,2019-09-17,2019,38,3,3,1352
1355,1355,2019-09-18,2019,38,4,4,1353
1356,1356,2019-09-19,2019,38,5,1,1354
1357,1357,2019-09-20,2019,38,6,1,1355
1358,1358,2019-09-21,2019,38,7,9,1356
1359,1359,2019-09-22,2019,39,1,5,1357
1360,1360,2019-09-23,2019,39,2,4,1358
1361,1361,2019-09-24,2019,39,3,5,1359
1362,1362,2019-09-25,2019,39,4,2,1360
1363,1363,2019-09-26,2019,39,5,2,1361
1364,1364,2019-09-27,2019,39,6,7,1362
1365,1365,2019-09-28,2019,39,7,4,1363
1366,1366,2019-09-29,2019,40,1,2,1364
1367,1367,2019-09-30,2019,40,2,2,1365
1368,1368,2019-10-01,2019,40,3,3,1366
1369,1369,2019-10-02,2019,40,4,1,1367
1370,1370,2019-10-03,2019,40,5,0,1368
1371,1371,2019-10-04,2019,40,6,0,1369
1372,1372,2019-10-05,2019,40,7,6,1370
1373,1373,2019-10-06,2019,41,1,2,1371
1374,1374,2019-10-07,2019,41,2,1,1372
1375,1375,2019-10-08,2019,41,3,3,1373
1376,1376,2019-10-09,2019,41,4,0,1374
1377,1377,2019-10-10,2019,41,5,2,1375
1378,1378,2019-10-11,2019,41,6,6,1376
1379,1379,2019-10-12,2019,41,7,6,1377
1380,1380,2019-10-13,2019,42,1,5,1378
1381,1381,2019-10-14,2019,42,2,1,1379
1382,1382,2019-10-15,2019,42,3,5,1380
1383,1383,2019-10-16,2019,42,4,2,1381
1384,1384,2019-10-17,2019,42,5,2,1382
1385,1385,2019-10-18,2019,42,6,5,1383
1386,1386,2019-10-19,2019,42,7,1,1384
1387,1387,2019-10-20,2019,43,1,1,1385
1388,1388,2019-10-21,2019,43,2,4,1386
1389,1389,2019-10-22,2019,43,3,7,1387
1390,1390,2019-10-23,2019,43,4,4,1388
1391,1391,2019-10-24,2019,43,5,2,1389
1392,1392,2019-10-25,2019,43,6,0,1390
1393,1393,2019-10-26,2019,43,7,4,1391
1394,1394,2019-10-27,2019,44,1,4,1392
1395,1395,2019-10-28,2019,44,2,0,1393
1396,1396,2019-10-29,2019,44,3,7,1394
1397,1397,2019-10-30,2019,44,4,0,1395
1398,1398,2019-10-31,2019,44,5,3,1396
1399,1399,2019-11-01,2019,44,6,3,1397
1400,1400,2019-11-02,2019,44,7,6,1398
1401,1401,2019-11-03,2019,45,1,0,1399
1402,1402,2019-11-04,2019,45,2,0,1400
1403,1403,2019-11-05,2019,45,3,1,1401
1404,1404,2019-11-06,2019,45,4,2,1402
1405,1405,2019-11-07,2019,45,5,3,1403
1406,1406,2019-11-08,2019,45,6,2,1404
1407,1407,2019-11-09,2019,45,7,8,1405
1408,1408,2019-11-10,2019,46,1,5,1406
1409,1409,2019-11-11,2019,46,2,2,1407
1410,1410,2019-11-12,2019,46,3,8,1408
1411,1411,2019-11-13,2019,46,4,3,1409
1412,1412,2019-11-14,2019,46,5,1,1410
1413,1413,2019-11-15,2019,46,6,3,1411
1414,1414,2019-11-16,2019,46,7,8,1412
1415,1415,2019-11-17,2019,47,1,9,1413
1416,1416,2019-11-18,2019,47,2,0,1414
1417,1417,2019-11-19,2019,47,3,4,1415
1418,1418,2019-11-20,2019,47,4,5,1416
1419,1419,2019-11-21,2019,47,5,6,1417
1420,1420,2019-11-22,2019,47,6,4,1418
1421,1421,2019-11-23,2019,47,7,14,1419
1422,1422,2019-11-24,2019,48,1,8,1420
1423,1423,2019-11-25,2019,48,2,4,1421
1424,1424,2019-11-26,2019,48,3,7,1422
1425,1425,2019-11-27,2019,48,4,4,1423
1426,1426,2019-11-28,2019,48,5,1,1424
1427,1427,2019-11-29,2019,48,6,1,1425
1428,1428,2019-11-30,2019,48,7,12,1426
1429,1429,2019-12-01,2019,49,1,15,1427
1430,1430,2019-12-02,2019,49,2,0,1428
1431,1431,2019-12-03,2019,49,3,5,1429
1432,1432,2019-12-04,2019,49,4,7,1430
1433,1433,2019-12-05,2019,49,5,6,1431
1434,1434,2019-12-06,2019,49,6,2,1432
1435,1435,2019-12-07,2019,49,7,9,1433
1436,1436,2019-12-08,2019,50,1,12,1434
1437,1437,2019-12-09,2019,50,2,13,1435
1438,1438,2019-12-10,2019,50,3,2,1436
1439,1439,2019-12-11,2019,50,4,8,1437
1440,1440,2019-12-12,2019,50,5,3,1438
1441,1441,2019-12-13,2019,50,6,4,1439
1442,1442,2019-12-14,2019,50,7,0,1440
1443,1443,2019-12-15,2019,51,1,3,1441
1444,1444,2019-12-16,2019,51,2,2,1442
1445,1445,2019-12-17,2019,51,3,3,1443
1446,1446,2019-12-18,2019,51,4,7,1444
1447,1447,2019-12-19,2019,51,5,7,1445
1448,1448,2019-12-20,2019,51,6,5,1446
1449,1449,2019-12-21,2019,51,7,0,1447
1450,1450,2019-12-22,2019,52,1,2,1448
1451,1451,2019-12-23,2019,52,2,3,1449
1452,1452,2019-12-24,2019,52,3,1,1450
1453,1453,2019-12-25,2019,52,4,0,1451
1454,1454,2019-12-26,2019,52,5,0,1452
1455,1455,2019-12-27,2019,52,6,4,1453
1456,1456,2019-12-28,2019,52,7,1,1454
1457,1457,2019-12-29,2019,1,1,3,1455
1458,1458,2019-12-30,2019,1,2,0,1456
1459,1459,2019-12-31,2019,1,3,1,1457
1460,1460,2022-01-01,2022,52,7,0,1458
1461,1461,2022-01-02,2022,1,1,1,1459
1462,1462,2022-01-03,2022,1,2,0,1460
1463,1463,2022-01-04,2022,1,3,6,1461
1464,1464,2022-01-05,2022,1,4,1,1462
1465,1465,2022-01-06,2022,1,5,7,1463
1466,1466,2022-01-07,2022,1,6,1,1464
1467,1467,2022-01-08,2022,1,7,0,1465
1468,1468,2022-01-09,2022,2,1,4,1466
1469,1469,2022-01-10,2022,2,2,5,1467
1470,1470,2022-01-11,2022,2,3,1,1468
1471,1471,2022-01-12,2022,2,4,11,1469
1472,1472,2022-01-13,2022,2,5,3,1470
1473,1473,2022-01-14,2022,2,6,5,1471
1474,1474,2022-01-15,2022,2,7,1,1472
1475,1475,2022-01-16,2022,3,1,5,1473
1476,1476,2022-01-17,2022,3,2,1,1474
1477,1477,2022-01-18,2022,3,3,6,1475
1478,1478,2022-01-19,2022,3,4,7,1476
1479,1479,2022-01-20,2022,3,5,9,1477
1480,1480,2022-01-21,2022,3,6,0,1478
1481,1481,2022-01-22,2022,3,7,1,1479
1482,1482,2022-01-23,2022,4,1,3,1480
1483,1483,2022-01-24,2022,4,2,2,1481
1484,1484,2022-01-25,2022,4,3,1,1482
1485,1485,2022-01-26,2022,4,4,1,1483
1486,1486,2022-01-27,2022,4,5,0,1484
1487,1487,2022-01-28,2022,4,6,2,1485
1488,1488,2022-01-29,2022,4,7,0,1486
1489,1489,2022-01-30,2022,5,1,0,1487
1490,1490,2022-01-31,2022,5,2,0,1488
1491,1491,2022-02-01,2022,5,3,2,1489
1492,1492,2022-02-02,2022,5,4,3,1490
1493,1493,2022-02-03,2022,5,5,1,1491
1494,1494,2022-02-04,2022,5,6,1,1492
1495,1495,2022-02-05,2022,5,7,0,1493
1496,1496,2022-02-06,2022,6,1,0,1494
1497,1497,2022-02-07,2022,6,2,0,1495
1498,1498,2022-02-08,2022,6,3,1,1496
1499,1499,2022-02-09,2022,6,4,1,1497
1500,1500,2022-02-10,2022,6,5,0,1498
1501,1501,2022-02-11,2022,6,6,0,1499
1502,1502,2022-02-12,2022,6,7,0,1500
1503,1503,2022-02-13,2022,7,1,0,1501
1504,1504,2022-02-14,2022,7,2,1,1502
1505,1505,2022-02-15,2022,7,3,0,1503
1506,1506,2022-02-16,2022,7,4,1,1504
1507,1507,2022-02-17,2022,7,5,1,1505
1508,1508,2022-02-18,2022,7,6,0,1506
1509,1509,2022-02-19,2022,7,7,0,1507
1510,1510,2022-02-20,2022,8,1,0,1508
1511,1511,2022-02-21,2022,8,2,0,1509
1512,1512,2022-02-22,2022,8,3,0,1510
1513,1513,2022-02-23,2022,8,4,0,1511
1514,1514,2022-02-24,2022,8,5,0,1512
1515,1515,2022-02-25,2022,8,6,0,1513
1516,1516,2022-02-26,2022,8,7,0,1514
1517,1517,2022-02-27,2022,9,1,0,1515
1518,1518,2022-02-28,2022,9,2,1,1516
1519,1519,2022-03-01,2022,9,3,0,1517
1520,1520,2022-03-02,2022,9,4,1,1518
1521,1521,2022-03-03,2022,9,5,0,1519
1522,1522,2022-03-04,2022,9,6,2,1520
1523,1523,2022-03-05,2022,9,7,0,1521
1524,1524,2022-03-06,2022,10,1,1,1522
1525,1525,2022-03-07,2022,10,2,1,1523
1526,1526,2022-03-08,2022,10,3,1,1524
1527,1527,2022-03-09,2022,10,4,1,1525
1528,1528,2022-03-10,2022,10,5,2,1526
1529,1529,2022-03-11,2022,10,6,0,1527
1530,1530,2022-03-12,2022,10,7,0,1528
1531,1531,2022-03-13,2022,11,1,0,1529
1532,1532,2022-03-14,2022,11,2,0,1530
1533,1533,2022-03-15,2022,11,3,0,1531
1534,1534,2022-03-16,2022,11,4,1,1532
1535,1535,2022-03-17,2022,11,5,0,1533
1536,1536,2022-03-18,2022,11,6,0,1534
1537,1537,2022-03-19,2022,11,7,0,1535
1538,1538,2022-03-20,2022,12,1,4,1536
1539,1539,2022-03-21,2022,12,2,0,1537
1540,1540,2022-03-22,2022,12,3,0,1538
1541,1541,2022-03-23,2022,12,4,0,1539
1542,1542,2022-03-24,2022,12,5,0,1540
1543,1543,2022-03-25,2022,12,6,0,1541
1544,1544,2022-03-26,2022,12,7,0,1542
1545,1545,2022-03-27,2022,13,1,0,1543
1546,1546,2022-03-28,2022,13,2,0,1544
1547,1547,2022-03-29,2022,13,3,0,1545
1548,1548,2022-03-30,2022,13,4,2,1546
1549,1549,2022-03-31,2022,13,5,1,1547
1550,1550,2022-04-01,2022,13,6,0,1548
1551,1551,2022-04-02,2022,13,7,0,1549
1552,1552,2022-04-03,2022,14,1,0,1550
1553,1553,2022-04-04,2022,14,2,1,1551
1554,1554,2022-04-05,2022,14,3,0,1552
1555,1555,2022-04-06,2022,14,4,0,1553
1556,1556,2022-04-07,2022,14,5,0,1554
1557,1557,2022-04-08,2022,14,6,0,1555
1558,1558,2022-04-09,2022,14,7,0,1556
1559,1559,2022-04-10,2022,15,1,0,1557
1560,1560,2022-04-11,2022,15,2,0,1558
1561,1561,2022-04-12,2022,15,3,0,1559
1562,1562,2022-04-13,2022,15,4,0,1560
1563,1563,2022-04-14,2022,15,5,0,1561
1564,1564,2022-04-15,2022,15,6,0,1562
1565,1565,2022-04-16,2022,15,7,0,1563
1566,1566,2022-04-17,2022,16,1,0,1564
1567,1567,2022-04-18,2022,16,2,0,1565
1568,1568,2022-04-19,2022,16,3,1,1566
1569,1569,2022-04-20,2022,16,4,0,1567
1570,1570,2022-04-21,2022,16,5,0,1568
1571,1571,2022-04-22,2022,16,6,0,1569
1572,1572,2022-04-23,2022,16,7,0,1570
1573,1573,2022-04-24,2022,17,1,0,1571
1574,1574,2022-04-25,2022,17,2,0,1572
1575,1575,2022-04-26,2022,17,3,0,1573
1576,1576,2022-04-27,2022,17,4,1,1574
1577,1577,2022-04-28,2022,17,5,0,1575
1578,1578,2022-04-29,2022,17,6,0,1576
1579,1579,2022-04-30,2022,17,7,0,1577
1580,1580,2022-05-01,2022,18,1,0,1578
1581,1581,2022-05-02,2022,18,2,0,1579
1582,1582,2022-05-03,2022,18,3,0,1580
1583,1583,2022-05-04,2022,18,4,0,1581
1584,1584,2022-05-05,2022,18,5,0,1582
1585,1585,2022-05-06,2022,18,6,0,1583
1586,1586,2022-05-07,2022,18,7,0,1584
1587,1587,2022-05-08,2022,19,1,0,1585
1588,1588,2022-05-09,2022,19,2,2,1586
1589,1589,2022-05-10,2022,19,3,0,1587
1590,1590,2022-05-11,2022,19,4,1,1588
1591,1591,2022-05-12,2022,19,5,1,1589
1592,1592,2022-05-13,2022,19,6,1,1590
1593,1593,2022-05-14,2022,19,7,0,1591
1594,1594,2022-05-15,2022,20,1,0,1592
1595,1595,2022-05-16,2022,20,2,3,1593
1596,1596,2022-05-17,2022,20,3,0,1594
1597,1597,2022-05-18,2022,20,4,0,1595
1598,1598,2022-05-19,2022,20,5,0,1596
1599,1599,2022-05-20,2022,20,6,0,1597
1600,1600,2022-05-21,2022,20,7,1,1598
1601,1601,2022-05-22,2022,21,1,0,1599
1602,1602,2022-05-23,2022,21,2,2,1600
1603,1603,2022-05-24,2022,21,3,2,1601
1604,1604,2022-05-25,2022,21,4,0,1602
1605,1605,2022-05-26,2022,21,5,1,1603
1606,1606,2022-05-27,2022,21,6,0,1604
1607,1607,2022-05-28,2022,21,7,0,1605
1608,1608,2022-05-29,2022,22,1,0,1606
1609,1609,2022-05-30,2022,22,2,2,1607
1610,1610,2022-05-31,2022,22,3,0,1608
1611,1611,2022-06-01,2022,22,4,1,1609
1612,1612,2022-06-02,2022,22,5,0,1610
1613,1613,2022-06-03,2022,22,6,1,1611
1614,1614,2022-06-04,2022,22,7,0,1612
1615,1615,2022-06-05,2022,23,1,0,1613
1616,1616,2022-06-06,2022,23,2,2,1614
1617,1617,2022-06-07,2022,23,3,3,1615
1618,1618,2022-06-08,2022,23,4,1,1616
1619,1619,2022-06-09,2022,23,5,2,1617
1620,1620,2022-06-10,2022,23,6,0,1618
1621,1621,2022-06-11,2022,23,7,0,1619
1622,1622,2022-06-12,2022,24,1,1,1620
1623,1623,2022-06-13,2022,24,2,1,1621
1624,1624,2022-06-14,2022,24,3,3,1622
1625,1625,2022-06-15,2022,24,4,2,1623
1626,1626,2022-06-16,2022,24,5,1,1624
1627,1627,2022-06-17,2022,24,6,0,1625
1628,1628,2022-06-18,2022,24,7,0,1626
1629,1629,2022-06-19,2022,25,1,1,1627
1630,1630,2022-06-20,2022,25,2,0,1628
1631,1631,2022-06-21,2022,25,3,0,1629
1632,1632,2022-06-22,2022,25,4,4,1630
1633,1633,2022-06-23,2022,25,5,0,1631
1634,1634,2022-06-24,2022,25,6,1,1632
1635,1635,2022-06-25,2022,25,7,1,1633
1636,1636,2022-06-26,2022,26,1,3,1634
1637,1637,2022-06-27,2022,26,2,1,1635
1638,1638,2022-06-28,2022,26,3,1,1636
1639,1639,2022-06-29,2022,26,4,0,1637
1640,1640,2022-06-30,2022,26,5,2,1638
1641,1641,2022-07-01,2022,26,6,0,1639
1642,1642,2022-07-02,2022,26,7,1,1640
1643,1643,2022-07-03,2022,27,1,0,1641
1644,1644,2022-07-04,2022,27,2,1,1642
1645,1645,2022-07-05,2022,27,3,2,1643
1646,1646,2022-07-06,2022,27,4,0,1644
1647,1647,2022-07-07,2022,27,5,2,1645
1648,1648,2022-07-08,2022,27,6,1,1646
1649,1649,2022-07-09,2022,27,7,0,1647
1650,1650,2022-07-10,2022,28,1,0,1648
1651,1651,2022-07-11,2022,28,2,0,1649
1652,1652,2022-07-12,2022,28,3,0,1650
1653,1653,2022-07-13,2022,28,4,0,1651
1654,1654,2022-07-14,2022,28,5,0,1652
1655,1655,2022-07-15,2022,28,6,1,1653
1656,1656,2022-07-16,2022,28,7,0,1654
1657,1657,2022-07-17,2022,29,1,0,1655
1658,1658,2022-07-18,2022,29,2,1,1656
1659,1659,2022-07-19,2022,29,3,0,1657
1660,1660,2022-07-20,2022,29,4,1,1658
1661,1661,2022-07-21,2022,29,5,0,1659
1662,1662,2022-07-22,2022,29,6,0,1660
1663,1663,2022-07-23,2022,29,7,0,1661
1664,1664,2022-07-24,2022,30,1,0,1662
1665,1665,2022-07-25,2022,30,2,0,1663
1666,1666,2022-07-26,2022,30,3,0,1664
1667,1667,2022-07-27,2022,30,4,0,1665
1668,1668,2022-07-28,2022,30,5,0,1666
1669,1669,2022-07-29,2022,30,6,0,1667
1670,1670,2022-07-30,2022,30,7,0,1668
1671,1671,2022-07-31,2022,31,1,0,1669
1672,1672,2022-08-01,2022,31,2,0,1670
1673,1673,2022-08-02,2022,31,3,0,1671
1674,1674,2022-08-03,2022,31,4,1,1672
1675,1675,2022-08-04,2022,31,5,0,1673
1676,1676,2022-08-05,2022,31,6,0,1674
1677,1677,2022-08-06,2022,31,7,0,1675
1678,1678,2022-08-07,2022,32,1,0,1676
1679,1679,2022-08-08,2022,32,2,1,1677
1680,1680,2022-08-09,2022,32,3,0,1678
1681,1681,2022-08-10,2022,32,4,0,1679
1682,1682,2022-08-11,2022,32,5,0,1680
1683,1683,2022-08-12,2022,32,6,0,1681
1684,1684,2022-08-13,2022,32,7,2,1682
1685,1685,2022-08-14,2022,33,1,0,1683
1686,1686,2022-08-15,2022,33,2,0,1684
1687,1687,2022-08-16,2022,33,3,0,1685
1688,1688,2022-08-17,2022,33,4,0,1686
1689,1689,2022-08-18,2022,33,5,0,1687
1690,1690,2022-08-19,2022,33,6,0,1688
1691,1691,2022-08-20,2022,33,7,0,1689
1692,1692,2022-08-21,2022,34,1,0,1690
1693,1693,2022-08-22,2022,34,2,0,1691
1694,1694,2022-08-23,2022,34,3,0,1692
1695,1695,2022-08-24,2022,34,4,0,1693
1696,1696,2022-08-25,2022,34,5,0,1694
1697,1697,2022-08-26,2022,34,6,0,1695
1698,1698,2022-08-27,2022,34,7,0,1696
1699,1699,2022-08-28,2022,35,1,0,1697
1700,1700,2022-08-29,2022,35,2,0,1698
1701,1701,2022-08-30,2022,35,3,0,1699
1702,1702,2022-08-31,2022,35,4,0,1700
1703,1703,2022-09-01,2022,35,5,0,1701
1704,1704,2022-09-02,2022,35,6,0,1702
1705,1705,2022-09-03,2022,35,7,0,1703
1706,1706,2022-09-04,2022,36,1,0,1704
1707,1707,2022-09-05,2022,36,2,0,1705
1708,1708,2022-09-06,2022,36,3,3,1706
1709,1709,2022-09-07,2022,36,4,2,1707
1710,1710,2022-09-08,2022,36,5,1,1708
1711,1711,2022-09-09,2022,36,6,1,1709
1712,1712,2022-09-10,2022,36,7,0,1710
1713,1713,2022-09-11,2022,37,1,0,1711
1714,1714,2022-09-12,2022,37,2,4,1712
1715,1715,2022-09-13,2022,37,3,2,1713
1716,1716,2022-09-14,2022,37,4,1,1714
1717,1717,2022-09-15,2022,37,5,2,1715
1718,1718,2022-09-16,2022,37,6,0,1716
1719,1719,2022-09-17,2022,37,7,1,1717
1720,1720,2022-09-18,2022,38,1,0,1718
1721,1721,2022-09-19,2022,38,2,3,1719
1722,1722,2022-09-20,2022,38,3,0,1720
1723,1723,2022-09-21,2022,38,4,2,1721
1724,1724,2022-09-22,2022,38,5,4,1722
1725,1725,2022-09-23,2022,38,6,0,1723
1726,1726,2022-09-24,2022,38,7,0,1724
1727,1727,2022-09-25,2022,39,1,0,1725
1728,1728,2022-09-26,2022,39,2,1,1726
1729,1729,2022-09-27,2022,39,3,4,1727
1730,1730,2022-09-28,2022,39,4,1,1728
1731,1731,2022-09-29,2022,39,5,2,1729
1732,1732,2022-09-30,2022,39,6,0,1730
1733,1733,2022-10-01,2022,39,7,0,1731
1734,1734,2022-10-02,2022,40,1,1,1732
1735,1735,2022-10-03,2022,40,2,0,1733
1736,1736,2022-10-04,2022,40,3,4,1734
1737,1737,2022-10-05,2022,40,4,3,1735
1738,1738,2022-10-06,2022,40,5,0,1736
1739,1739,2022-10-07,2022,40,6,0,1737
1740,1740,2022-10-08,2022,40,7,0,1738
1741,1741,2022-10-09,2022,41,1,0,1739
1742,1742,2022-10-10,2022,41,2,3,1740
1743,1743,2022-10-11,2022,41,3,1,1741
1744,1744,2022-10-12,2022,41,4,1,1742
1745,1745,2022-10-13,2022,41,5,2,1743
1746,1746,2022-10-14,2022,41,6,4,1744
1747,1747,2022-10-15,2022,41,7,0,1745
1748,1748,2022-10-16,2022,42,1,0,1746
1749,1749,2022-10-17,2022,42,2,5,1747
1750,1750,2022-10-18,2022,42,3,1,1748
1751,1751,2022-10-19,2022,42,4,4,1749
1752,1752,2022-10-20,2022,42,5,6,1750
1753,1753,2022-10-21,2022,42,6,0,1751
1754,1754,2022-10-22,2022,42,7,0,1752
1755,1755,2022-10-23,2022,43,1,0,1753
1756,1756,2022-10-24,2022,43,2,10,1754
1757,1757,2022-10-25,2022,43,3,8,1755
1758,1758,2022-10-26,2022,43,4,2,1756
1759,1759,2022-10-27,2022,43,5,8,1757
1760,1760,2022-10-28,2022,43,6,5,1758
1761,1761,2022-10-29,2022,43,7,0,1759
1762,1762,2022-10-30,2022,44,1,1,1760
1763,1763,2022-10-31,2022,44,2,12,1761
1764,1764,2022-11-01,2022,44,3,8,1762
1765,1765,2022-11-02,2022,44,4,8,1763
1766,1766,2022-11-03,2022,44,5,8,1764
1767,1767,2022-11-04,2022,44,6,4,1765
1768,1768,2022-11-05,2022,44,7,1,1766
1769,1769,2022-11-06,2022,45,1,1,1767
1770,1770,2022-11-07,2022,45,2,14,1768
1771,1771,2022-11-08,2022,45,3,13,1769
1772,1772,2022-11-09,2022,45,4,8,1770
1773,1773,2022-11-10,2022,45,5,9,1771
1774,1774,2022-11-11,2022,45,6,8,1772
1775,1775,2022-11-12,2022,45,7,0,1773
1776,1776,2022-11-13,2022,46,1,0,1774
1777,1777,2022-11-14,2022,46,2,0,1775
1778,1778,2022-11-15,2022,46,3,0,1776
1779,1779,2022-11-16,2022,46,4,4,1777
1780,1780,2022-11-17,2022,46,5,6,1778
1781,1781,2022-11-18,2022,46,6,0,1779
1782,1782,2022-11-19,2022,46,7,0,1780
1783,1783,2022-11-20,2022,47,1,2,1781
1784,1784,2022-11-21,2022,47,2,0,1782
1785,1785,2022-11-22,2022,47,3,7,1783
1786,1786,2022-11-23,2022,47,4,5,1784
1787,1787,2022-11-24,2022,47,5,2,1785
1788,1788,2022-11-25,2022,47,6,4,1786
1789,1789,2022-11-26,2022,47,7,1,1787
1790,1790,2022-11-27,2022,48,1,0,1788
1791,1791,2022-11-28,2022,48,2,0,1789
1792,1792,2022-11-29,2022,48,3,1,1790
1793,1793,2022-11-30,2022,48,4,1,1791
1794,1794,2022-12-01,2022,48,5,1,1792
1795,1795,2022-12-02,2022,48,6,1,1793
1796,1796,2022-12-03,2022,48,7,0,1794
1797,1797,2022-12-04,2022,49,1,0,1795
1798,1798,2022-12-05,2022,49,2,2,1796
1799,1799,2022-12-06,2022,49,3,2,1797
1800,1800,2022-12-07,2022,49,4,0,1798
1801,1801,2022-12-08,2022,49,5,2,1799
1802,1802,2022-12-09,2022,49,6,2,1800
1803,1803,2022-12-10,2022,49,7,0,1801
1804,1804,2022-12-11,2022,50,1,0,1802
1805,1805,2022-12-12,2022,50,2,0,1803
1806,1806,2022-12-13,2022,50,3,2,1804
1807,1807,2022-12-14,2022,50,4,2,1805
1808,1808,2022-12-15,2022,50,5,1,1806
1809,1809,2022-12-16,2022,50,6,1,1807
1810,1810,2022-12-17,2022,50,7,0,1808
1811,1811,2022-12-18,2022,51,1,1,1809
1812,1812,2022-12-19,2022,51,2,1,1810
1813,1813,2022-12-20,2022,51,3,3,1811
1814,1814,2022-12-21,2022,51,4,0,1812
1815,1815,2022-12-22,2022,51,5,0,1813
1816,1816,2022-12-23,2022,51,6,0,1814
1817,1817,2022-12-24,2022,51,7,0,1815
1818,1818,2022-12-25,2022,52,1,0,1816
1819,1819,2022-12-26,2022,52,2,3,1817
1820,1820,2022-12-27,2022,52,3,3,1818
1821,1821,2022-12-28,2022,52,4,3,1819
1822,1822,2022-12-29,2022,52,5,0,1820
1823,1823,2022-12-30,2022,52,6,0,1821
1824,1824,2022-12-31,2022,52,7,0,1822
